source_mat_id_orig,samp_description,tax_id,scientific_name,investigation_type,env_material,collection_date,sampling_event,sampl_person,sampl_person_orcid,tidal_stage,comm_samp,noteworthy_env_cond,replicate,size_frac_low,size_frac_up,depth,samp_collect_device,samp_mat_process,samp_mat_process_dev,samp_store_date,samp_store_loc,samp_store_temp,store_person,store_person_orcid,other_person,other_person_orcid,long_store,samp_size_mass,ship_date,arr_date_hq,store_temp_hq,ship_date_seq,arr_date_seq,seq_batch,failure,failure_comment,ENA_accession_number_sample,source_mat_id
EMO BON OOB So 210608 micro (1),EMOBON metagenome sediment sample from station OOB collected on 2021-06-08 community collected micro,412755,marine sediment metagenome,metagenome,sediment [ENVO:00002007],2021-06-08 00:00:00,OOB_So_210608,Bruno Hesse,NA,no_tide,micro,,1,NA,NA,27,PVC sediment corer,SoSOP 2,PVC cores of 7.5 cm in diameter,2021-06-08 00:00:00,"room 213, freezer LECOB",-80,Pierre E. Galand,0000-0002-2238-3247,Lyvia Lescure,NA,N,10,2021-07-29 00:00:00,NA,NA,2021-07-29 00:00:00,2021-08-04 00:00:00,,F,NA,NA,EMOBON_OOB_So_1
EMO BON OOB So 210608 micro (2),EMOBON metagenome sediment sample from station OOB collected on 2021-06-08 community collected micro,412755,marine sediment metagenome,metagenome,sediment [ENVO:00002007],2021-06-08 00:00:00,OOB_So_210608,Bruno Hesse,NA,no_tide,micro,,2,NA,NA,27,PVC sediment corer,SoSOP 2,PVC cores of 7.5 cm in diameter,2021-06-08 00:00:00,"room 213, freezer LECOB",-80,Pierre E. Galand,0000-0002-2238-3247,Lyvia Lescure,NA,N,10,2021-07-29 00:00:00,NA,NA,2021-07-29 00:00:00,2021-08-04 00:00:00,,T,tube broke during transport,NA,EMOBON_OOB_So_2
EMO BON OOB So 210608 micro (3),EMOBON metagenome sediment sample from station OOB collected on 2021-06-08 community collected micro,412755,marine sediment metagenome,metagenome,sediment [ENVO:00002007],2021-06-08 00:00:00,OOB_So_210608,Bruno Hesse,NA,no_tide,micro,,3,NA,NA,27,PVC sediment corer,SoSOP 2,PVC cores of 7.5 cm in diameter,2021-06-08 00:00:00,"room 213, freezer LECOB",-80,Pierre E. Galand,0000-0002-2238-3247,Lyvia Lescure,NA,Y,10,NA,NA,NA,NA,NA,,NA,NA,NA,EMOBON_OOB_So_3
EMO BON OOB So 210608 micro (4),EMOBON metagenome sediment sample from station OOB collected on 2021-06-08 community collected micro,412755,marine sediment metagenome,metagenome,sediment [ENVO:00002007],2021-06-08 00:00:00,OOB_So_210608,Bruno Hesse,NA,no_tide,micro,,4,NA,NA,27,PVC sediment corer,SoSOP 2,PVC cores of 7.5 cm in diameter,2021-06-08 00:00:00,"room 213, freezer LECOB",-80,Pierre E. Galand,0000-0002-2238-3247,Lyvia Lescure,NA,Y,10,NA,NA,NA,NA,NA,,NA,NA,NA,EMOBON_OOB_So_4
EMO BON OOB So 210608 meio (1),EMOBON mimarks-specimen sediment sample from station OOB collected on 2021-06-08 community collected meio,33208,Metazoa ,mimarks-specimen,sediment [ENVO:00002007],2021-06-08 00:00:00,OOB_So_210608,Bruno Hesse,NA,no_tide,meio,,1,NA,NA,27,PVC sediment corer,SoSOP 2,PVC cores of 7.5 cm in diameter,2021-06-08 00:00:00,"room 301, freezer LECOB",-20,Jadwiga Orignac,0000-0002-2238-3247,Lyvia Lescure,NA,N,NA,2022-01-24 00:00:00,2022-01-25 00:00:00,-20,2022-07-18 00:00:00,2022-07-18 00:00:00,,NA,NA,NA,EMOBON_OOB_So_5
EMO BON OOB So 210608 meio (2),EMOBON mimarks-specimen sediment sample from station OOB collected on 2021-06-08 community collected meio,33208,Metazoa ,mimarks-specimen,sediment [ENVO:00002007],2021-06-08 00:00:00,OOB_So_210608,Bruno Hesse,NA,no_tide,meio,,2,NA,NA,27,PVC sediment corer,SoSOP 2,PVC cores of 7.5 cm in diameter,2021-06-08 00:00:00,"room 301, freezer LECOB",-20,Jadwiga Orignac,0000-0002-2238-3247,Lyvia Lescure,NA,N,NA,2022-01-24 00:00:00,2022-01-25 00:00:00,-20,2022-07-18 00:00:00,2022-07-18 00:00:00,,NA,NA,NA,EMOBON_OOB_So_6
EMO BON OOB So 210608 meio (3),EMOBON mimarks-specimen sediment sample from station OOB collected on 2021-06-08 community collected meio,33208,Metazoa ,mimarks-specimen,sediment [ENVO:00002007],2021-06-08 00:00:00,OOB_So_210608,Bruno Hesse,NA,no_tide,meio,,3,NA,NA,27,PVC sediment corer,SoSOP 2,PVC cores of 7.5 cm in diameter,2021-06-08 00:00:00,"room 301, freezer LECOB",-20,Jadwiga Orignac,0000-0002-2238-3247,Lyvia Lescure,NA,Y,NA,NA,NA,NA,NA,NA,,NA,NA,NA,EMOBON_OOB_So_7
EMO BON OOB So 210608 meio (4),EMOBON mimarks-specimen sediment sample from station OOB collected on 2021-06-08 community collected meio,33208,Metazoa ,mimarks-specimen,sediment [ENVO:00002007],2021-06-08 00:00:00,OOB_So_210608,Bruno Hesse,NA,no_tide,meio,,4,NA,NA,27,PVC sediment corer,SoSOP 2,PVC cores of 7.5 cm in diameter,2021-06-08 00:00:00,"room 301, freezer LECOB",-20,Jadwiga Orignac,0000-0002-2238-3247,Lyvia Lescure,NA,Y,NA,NA,NA,NA,NA,NA,,NA,NA,NA,EMOBON_OOB_So_8
EMO BON OOB So 210818 micro (1),EMOBON metagenome sediment sample from station OOB collected on 2021-08-18 community collected micro,412755,marine sediment metagenome,metagenome,sediment [ENVO:00002007],2021-08-18 00:00:00,OOB_So_210818,Bruno Hesse,NA,no_tide,micro,,1,NA,NA,27,PVC sediment corer,SoSOP 2,PVC cores of 7.5 cm in diameter,2021-08-18 00:00:00,"room 213, freezer LECOB",-80,Pierre E. Galand,0000-0002-2238-3247,Lyvia Lescure,NA,N,10,2021-10-21 00:00:00,2021-10-22 00:00:00,-70,2021-11-24 00:00:00,2021-11-24 00:00:00,,T,non-quantifiable DNA after extraction,NA,EMOBON_OOB_So_9
EMO BON OOB So 210818 micro (2),EMOBON metagenome sediment sample from station OOB collected on 2021-08-18 community collected micro,412755,marine sediment metagenome,metagenome,sediment [ENVO:00002007],2021-08-18 00:00:00,OOB_So_210818,Bruno Hesse,NA,no_tide,micro,,2,NA,NA,27,PVC sediment corer,SoSOP 2,PVC cores of 7.5 cm in diameter,2021-08-18 00:00:00,"room 213, freezer LECOB",-80,Pierre E. Galand,0000-0002-2238-3247,Lyvia Lescure,NA,N,10,2021-10-21 00:00:00,2021-10-22 00:00:00,-70,2021-11-24 00:00:00,2021-11-24 00:00:00,,T,non-quantifiable DNA after extraction,NA,EMOBON_OOB_So_10
EMO BON OOB So 210818 micro (3),EMOBON metagenome sediment sample from station OOB collected on 2021-08-18 community collected micro,412755,marine sediment metagenome,metagenome,sediment [ENVO:00002007],2021-08-18 00:00:00,OOB_So_210818,Bruno Hesse,NA,no_tide,micro,,3,NA,NA,27,PVC sediment corer,SoSOP 2,PVC cores of 7.5 cm in diameter,2021-08-18 00:00:00,"room 213, freezer LECOB",-80,Pierre E. Galand,0000-0002-2238-3247,Lyvia Lescure,NA,Y,10,NA,NA,NA,NA,NA,,NA,NA,NA,EMOBON_OOB_So_11
EMO BON OOB So 210818 micro (4),EMOBON metagenome sediment sample from station OOB collected on 2021-08-18 community collected micro,412755,marine sediment metagenome,metagenome,sediment [ENVO:00002007],2021-08-18 00:00:00,OOB_So_210818,Bruno Hesse,NA,no_tide,micro,,4,NA,NA,27,PVC sediment corer,SoSOP 2,PVC cores of 7.5 cm in diameter,2021-08-18 00:00:00,"room 213, freezer LECOB",-80,Pierre E. Galand,0000-0002-2238-3247,Lyvia Lescure,NA,Y,10,NA,NA,NA,NA,NA,,NA,NA,NA,EMOBON_OOB_So_12
EMO BON OOB So 211012 micro (1),EMOBON metagenome sediment sample from station OOB collected on 2021-10-12 community collected micro,412755,marine sediment metagenome,metagenome,sediment [ENVO:00002007],2021-10-12 00:00:00,OOB_So_211012,Bruno Hesse,NA,no_tide,micro,,1,NA,NA,27,PVC sediment corer,SoSOP 2,PVC cores of 7.5 cm in diameter,2021-10-12 00:00:00,"room 213, freezer LECOB",-80,Pierre E. Galand,0000-0002-2238-3247,Lyvia Lescure,NA,N,10,2022-01-24 00:00:00,2022-01-25 00:00:00,-70,2022-02-22 00:00:00,2022-02-23 00:00:00,,T,non-quantifiable DNA after extraction,NA,EMOBON_OOB_So_13
EMO BON OOB So 211012 micro (2),EMOBON metagenome sediment sample from station OOB collected on 2021-10-12 community collected micro,412755,marine sediment metagenome,metagenome,sediment [ENVO:00002007],2021-10-12 00:00:00,OOB_So_211012,Bruno Hesse,NA,no_tide,micro,,2,NA,NA,27,PVC sediment corer,SoSOP 2,PVC cores of 7.5 cm in diameter,2021-10-12 00:00:00,"room 213, freezer LECOB",-80,Pierre E. Galand,0000-0002-2238-3247,Lyvia Lescure,NA,N,10,2022-01-24 00:00:00,2022-01-25 00:00:00,-70,2022-02-22 00:00:00,2022-02-23 00:00:00,,T,non-quantifiable DNA after extraction,NA,EMOBON_OOB_So_14
EMO BON OOB So 211012 micro (3),EMOBON metagenome sediment sample from station OOB collected on 2021-10-12 community collected micro,412755,marine sediment metagenome,metagenome,sediment [ENVO:00002007],2021-10-12 00:00:00,OOB_So_211012,Bruno Hesse,NA,no_tide,micro,,3,NA,NA,27,PVC sediment corer,SoSOP 2,PVC cores of 7.5 cm in diameter,2021-10-12 00:00:00,"room 213, freezer LECOB",-80,Pierre E. Galand,0000-0002-2238-3247,Lyvia Lescure,NA,Y,10,NA,NA,NA,NA,NA,,NA,NA,NA,EMOBON_OOB_So_15
EMO BON OOB So 211012 micro (4),EMOBON metagenome sediment sample from station OOB collected on 2021-10-12 community collected micro,412755,marine sediment metagenome,metagenome,sediment [ENVO:00002007],2021-10-12 00:00:00,OOB_So_211012,Bruno Hesse,NA,no_tide,micro,,4,NA,NA,27,PVC sediment corer,SoSOP 2,PVC cores of 7.5 cm in diameter,2021-10-12 00:00:00,"room 213, freezer LECOB",-80,Pierre E. Galand,0000-0002-2238-3247,Lyvia Lescure,NA,Y,10,NA,NA,NA,NA,NA,,NA,NA,NA,EMOBON_OOB_So_16
EMO BON OOB So 211012 meio (1),EMOBON mimarks-specimen sediment sample from station OOB collected on 2021-10-12 community collected meio,33208,Metazoa ,mimarks-specimen,sediment [ENVO:00002007],2021-10-12 00:00:00,OOB_So_211012,Bruno Hesse,NA,no_tide,meio,,1,NA,NA,27,PVC sediment corer,SoSOP 2,PVC cores of 7.5 cm in diameter,2021-10-12 00:00:00,"room 301, freezer LECOB",-20,Jadwiga Orignac,0000-0002-2238-3247,Lyvia Lescure,NA,N,NA,2022-01-24 00:00:00,2022-01-25 00:00:00,-20,2022-07-18 00:00:00,2022-07-18 00:00:00,,NA,NA,NA,EMOBON_OOB_So_17
EMO BON OOB So 211012 meio (2),EMOBON mimarks-specimen sediment sample from station OOB collected on 2021-10-12 community collected meio,33208,Metazoa ,mimarks-specimen,sediment [ENVO:00002007],2021-10-12 00:00:00,OOB_So_211012,Bruno Hesse,NA,no_tide,meio,,2,NA,NA,27,PVC sediment corer,SoSOP 2,PVC cores of 7.5 cm in diameter,2021-10-12 00:00:00,"room 301, freezer LECOB",-20,Jadwiga Orignac,0000-0002-2238-3247,Lyvia Lescure,NA,N,NA,2022-01-24 00:00:00,2022-01-25 00:00:00,-20,2022-07-18 00:00:00,2022-07-18 00:00:00,,NA,NA,NA,EMOBON_OOB_So_18
EMO BON OOB So 211012 meio (3),EMOBON mimarks-specimen sediment sample from station OOB collected on 2021-10-12 community collected meio,33208,Metazoa ,mimarks-specimen,sediment [ENVO:00002007],2021-10-12 00:00:00,OOB_So_211012,Bruno Hesse,NA,no_tide,meio,,3,NA,NA,27,PVC sediment corer,SoSOP 2,PVC cores of 7.5 cm in diameter,2021-10-12 00:00:00,"room 301, freezer LECOB",-20,Jadwiga Orignac,0000-0002-2238-3247,Lyvia Lescure,NA,Y,NA,NA,NA,NA,NA,NA,,NA,NA,NA,EMOBON_OOB_So_19
EMO BON OOB So 211012 meio (4),EMOBON mimarks-specimen sediment sample from station OOB collected on 2021-10-12 community collected meio,33208,Metazoa ,mimarks-specimen,sediment [ENVO:00002007],2021-10-12 00:00:00,OOB_So_211012,Bruno Hesse,NA,no_tide,meio,,4,NA,NA,27,PVC sediment corer,SoSOP 2,PVC cores of 7.5 cm in diameter,2021-10-12 00:00:00,"room 301, freezer LECOB",-20,Jadwiga Orignac,0000-0002-2238-3247,Lyvia Lescure,NA,Y,NA,NA,NA,NA,NA,NA,,NA,NA,NA,EMOBON_OOB_So_20
EMO BON OOB SO 211015 macro (1),EMOBON mimarks-specimen sediment sample from station OOB collected on 2021-10-15 community collected macro,33208,Metazoa ,mimarks-specimen,sediment [ENVO:00002007],2021-10-15 00:00:00,OOB_So_211015,Bruno Hesse,NA,no_tide,macro,,1,NA,NA,27,van veen,,,,,,Céline Labrune,0000-0002-2238-3247,Lyvia Lescure,NA,N,NA,2022-01-24 00:00:00,2022-01-25 00:00:00,4,2023-10-17 00:00:00,2023-10-17 00:00:00,,NA,NA,NA,EMOBON_OOB_So_21
EMO BON OOB SO 211015 macro (2),EMOBON mimarks-specimen sediment sample from station OOB collected on 2021-10-15 community collected macro,33208,Metazoa ,mimarks-specimen,sediment [ENVO:00002007],2021-10-15 00:00:00,OOB_So_211015,Bruno Hesse,NA,no_tide,macro,,2,NA,NA,27,van veen,,,,,,Céline Labrune,0000-0002-2238-3247,Lyvia Lescure,NA,N,NA,2022-01-24 00:00:00,2022-01-25 00:00:00,4,2023-10-17 00:00:00,2023-10-17 00:00:00,,NA,NA,NA,EMOBON_OOB_So_22
EMO BON OOB SO 211015 macro (3),EMOBON mimarks-specimen sediment sample from station OOB collected on 2021-10-15 community collected macro,33208,Metazoa ,mimarks-specimen,sediment [ENVO:00002007],2021-10-15 00:00:00,OOB_So_211015,Bruno Hesse,NA,no_tide,macro,,3,NA,NA,27,van veen,,,,,,Céline Labrune,0000-0002-2238-3247,Lyvia Lescure,NA,Y,NA,NA,NA,NA,NA,NA,,NA,NA,NA,EMOBON_OOB_So_23
EMO BON OOB SO 211015 macro (4),EMOBON mimarks-specimen sediment sample from station OOB collected on 2021-10-15 community collected macro,33208,Metazoa ,mimarks-specimen,sediment [ENVO:00002007],2021-10-15 00:00:00,OOB_So_211015,Bruno Hesse,NA,no_tide,macro,,4,NA,NA,27,van veen,,,,,,Céline Labrune,0000-0002-2238-3247,Lyvia Lescure,NA,Y,NA,NA,NA,NA,NA,NA,,NA,NA,NA,EMOBON_OOB_So_24
EMO BON OOB So 211209 micro (1),EMOBON metagenome sediment sample from station OOB collected on 2021-12-09 community collected micro,412755,marine sediment metagenome,metagenome,sediment [ENVO:00002007],2021-12-09 00:00:00,OOB_So_211209,Bruno Hesse,NA,no_tide,micro,,1,NA,NA,27,PVC sediment corer,SoSOP 2,PVC cores of 7.5 cm in diameter,2021-12-09 00:00:00,"room 213, freezer LECOB",-80,Pierre E. Galand,0000-0002-2238-3247,Lyvia Lescure,NA,N,10,2022-01-24 00:00:00,2022-01-25 00:00:00,-70,2022-02-22 00:00:00,2022-02-23 00:00:00,,F,NA,NA,EMOBON_OOB_So_25
EMO BON OOB So 211209 micro (2),EMOBON metagenome sediment sample from station OOB collected on 2021-12-09 community collected micro,412755,marine sediment metagenome,metagenome,sediment [ENVO:00002007],2021-12-09 00:00:00,OOB_So_211209,Bruno Hesse,NA,no_tide,micro,,2,NA,NA,27,PVC sediment corer,SoSOP 2,PVC cores of 7.5 cm in diameter,2021-12-09 00:00:00,"room 213, freezer LECOB",-80,Pierre E. Galand,0000-0002-2238-3247,Lyvia Lescure,NA,N,10,2022-01-24 00:00:00,2022-01-25 00:00:00,-70,2022-02-22 00:00:00,2022-02-23 00:00:00,,F,NA,NA,EMOBON_OOB_So_26
EMO BON OOB So 211209 micro (3),EMOBON metagenome sediment sample from station OOB collected on 2021-12-09 community collected micro,412755,marine sediment metagenome,metagenome,sediment [ENVO:00002007],2021-12-09 00:00:00,OOB_So_211209,Bruno Hesse,NA,no_tide,micro,,3,NA,NA,27,PVC sediment corer,SoSOP 2,PVC cores of 7.5 cm in diameter,2021-12-09 00:00:00,"room 213, freezer LECOB",-80,Pierre E. Galand,0000-0002-2238-3247,Lyvia Lescure,NA,Y,10,NA,NA,NA,NA,NA,,NA,NA,NA,EMOBON_OOB_So_27
EMO BON OOB So 211209 micro (4),EMOBON metagenome sediment sample from station OOB collected on 2021-12-09 community collected micro,412755,marine sediment metagenome,metagenome,sediment [ENVO:00002007],2021-12-09 00:00:00,OOB_So_211209,Bruno Hesse,NA,no_tide,micro,,4,NA,NA,27,PVC sediment corer,SoSOP 2,PVC cores of 7.5 cm in diameter,2021-12-09 00:00:00,"room 213, freezer LECOB",-80,Pierre E. Galand,0000-0002-2238-3247,Lyvia Lescure,NA,Y,10,NA,NA,NA,NA,NA,,NA,NA,NA,EMOBON_OOB_So_28
EMO BON OOB So 220221 micro (1),EMOBON metagenome sediment sample from station OOB collected on 2022-02-21 community collected micro,412755,marine sediment metagenome,metagenome,sediment [ENVO:00002007],2022-02-21 00:00:00,OOB_So_220221,Bruno Hesse,NA,no_tide,micro,,1,NA,NA,27,PVC sediment corer,SoSOP 2,PVC cores of 7.5 cm in diameter,2022-02-21 00:00:00,"room 213, freezer LECOB",-80,Pierre E. Galand,0000-0002-2238-3247,Lyvia Lescure,NA,N,10,2022-10-17 00:00:00,2022-10-26 00:00:00,-70,2022-07-18 00:00:00,2022-07-18 00:00:00,,NA,NA,NA,EMOBON_OOB_So_29
EMO BON OOB So 220221 micro (2),EMOBON metagenome sediment sample from station OOB collected on 2022-02-21 community collected micro,412755,marine sediment metagenome,metagenome,sediment [ENVO:00002007],2022-02-21 00:00:00,OOB_So_220221,Bruno Hesse,NA,no_tide,micro,,2,NA,NA,27,PVC sediment corer,SoSOP 2,PVC cores of 7.5 cm in diameter,2022-02-21 00:00:00,"room 213, freezer LECOB",-80,Pierre E. Galand,0000-0002-2238-3247,Lyvia Lescure,NA,N,10,2022-10-17 00:00:00,2022-10-26 00:00:00,-70,2022-07-18 00:00:00,2022-07-18 00:00:00,,NA,NA,NA,EMOBON_OOB_So_30
EMO BON OOB So 220221 micro (3),EMOBON metagenome sediment sample from station OOB collected on 2022-02-21 community collected micro,412755,marine sediment metagenome,metagenome,sediment [ENVO:00002007],2022-02-21 00:00:00,OOB_So_220221,Bruno Hesse,NA,no_tide,micro,,3,NA,NA,27,PVC sediment corer,SoSOP 2,PVC cores of 7.5 cm in diameter,2022-02-21 00:00:00,"room 213, freezer LECOB",-80,Pierre E. Galand,0000-0002-2238-3247,Lyvia Lescure,NA,Y,10,NA,NA,NA,NA,NA,,NA,NA,NA,EMOBON_OOB_So_31
EMO BON OOB So 220221 micro (4),EMOBON metagenome sediment sample from station OOB collected on 2022-02-21 community collected micro,412755,marine sediment metagenome,metagenome,sediment [ENVO:00002007],2022-02-21 00:00:00,OOB_So_220221,Bruno Hesse,NA,no_tide,micro,,4,NA,NA,27,PVC sediment corer,SoSOP 2,PVC cores of 7.5 cm in diameter,2022-02-21 00:00:00,"room 213, freezer LECOB",-80,Pierre E. Galand,0000-0002-2238-3247,Lyvia Lescure,NA,Y,10,NA,NA,NA,NA,NA,,NA,NA,NA,EMOBON_OOB_So_32
EMO BON OOB So 220221 micro (blank),EMOBON metagenome sediment sample from station OOB collected on 2022-04-21 community collected micro,256318,metagenome,metagenome,sediment [ENVO:00002007],2022-04-21 00:00:00,OOB_So_220421,Bruno Hesse,NA,no_tide,micro,,blank_1,NA,NA,27,PVC sediment corer,SoSOP 2,PVC cores of 7.5 cm in diameter,2022-02-21 00:00:00,"room 213, freezer LECOB",-80,Pierre E. Galand,0000-0002-2238-3247,Lyvia Lescure,NA,Y,10,NA,NA,NA,NA,NA,,NA,NA,NA,EMOBON_OOB_So_33
EMO BON OOB So 220425 micro (1),EMOBON metagenome sediment sample from station OOB collected on 2022-04-25 community collected micro,412755,marine sediment metagenome,metagenome,sediment [ENVO:00002007],2022-04-25 00:00:00,OOB_So_220425,Bruno Hesse,NA,no_tide,micro,,1,NA,NA,27,PVC sediment corer,SoSOP 2,PVC cores of 7.5 cm in diameter,2022-04-25 00:00:00,"room 213, freezer LECOB",-80,Pierre E. Galand,0000-0002-2238-3247,Lyvia Lescure,NA,N,10,2022-10-17 00:00:00,2022-10-26 00:00:00,-70,2022-07-18 00:00:00,2022-07-18 00:00:00,,NA,NA,NA,EMOBON_OOB_So_34
EMO BON OOB So 220425 micro (2),EMOBON metagenome sediment sample from station OOB collected on 2022-04-25 community collected micro,412755,marine sediment metagenome,metagenome,sediment [ENVO:00002007],2022-04-25 00:00:00,OOB_So_220425,Bruno Hesse,NA,no_tide,micro,,2,NA,NA,27,PVC sediment corer,SoSOP 2,PVC cores of 7.5 cm in diameter,2022-04-25 00:00:00,"room 213, freezer LECOB",-80,Pierre E. Galand,0000-0002-2238-3247,Lyvia Lescure,NA,N,10,2022-10-17 00:00:00,2022-10-26 00:00:00,-70,2022-07-18 00:00:00,2022-07-18 00:00:00,,NA,NA,NA,EMOBON_OOB_So_35
EMO BON OOB So 220425 micro (3),EMOBON metagenome sediment sample from station OOB collected on 2022-04-25 community collected micro,412755,marine sediment metagenome,metagenome,sediment [ENVO:00002007],2022-04-25 00:00:00,OOB_So_220425,Bruno Hesse,NA,no_tide,micro,,3,NA,NA,27,PVC sediment corer,SoSOP 2,PVC cores of 7.5 cm in diameter,2022-04-25 00:00:00,"room 213, freezer LECOB",-80,Pierre E. Galand,0000-0002-2238-3247,Lyvia Lescure,NA,Y,10,NA,NA,NA,NA,NA,,NA,NA,NA,EMOBON_OOB_So_36
EMO BON OOB So 220425 micro (4),EMOBON metagenome sediment sample from station OOB collected on 2022-04-25 community collected micro,412755,marine sediment metagenome,metagenome,sediment [ENVO:00002007],2022-04-25 00:00:00,OOB_So_220425,Bruno Hesse,NA,no_tide,micro,,4,NA,NA,27,PVC sediment corer,SoSOP 2,PVC cores of 7.5 cm in diameter,2022-04-25 00:00:00,"room 213, freezer LECOB",-80,Pierre E. Galand,0000-0002-2238-3247,Lyvia Lescure,NA,Y,10,NA,NA,NA,NA,NA,,NA,NA,NA,EMOBON_OOB_So_37
EMO BON OOB So 220425 micro (blank),EMOBON metagenome sediment sample from station OOB collected on 2022-04-25 community collected micro,256318,metagenome,metagenome,sediment [ENVO:00002007],2022-04-25 00:00:00,OOB_So_220425,Bruno Hesse,NA,no_tide,micro,,blank_1,NA,NA,27,PVC sediment corer,SoSOP 2,PVC cores of 7.5 cm in diameter,2022-04-25 00:00:00,"room 213, freezer LECOB",-80,Pierre E. Galand,0000-0002-2238-3247,Lyvia Lescure,NA,Y,10,NA,NA,NA,NA,NA,,NA,NA,NA,EMOBON_OOB_So_38
EMO BON OOB So 220425 meio (1),EMOBON mimarks-specimen sediment sample from station OOB collected on 2022-04-25 community collected meio,33208,Metazoa ,mimarks-specimen,sediment [ENVO:00002007],2022-04-25 00:00:00,OOB_So_220425,Bruno Hesse,NA,no_tide,meio,,1,NA,NA,27,PVC sediment corer,SoSOP 2,PVC cores of 7.5 cm in diameter,2022-04-25 00:00:00,"room 213, freezer LECOB",-80,Pierre E. Galand,0000-0002-2238-3247,Lyvia Lescure,NA,N,NA,2022-10-17 00:00:00,2022-10-26 00:00:00,-20,2022-07-18 00:00:00,2022-07-18 00:00:00,,NA,NA,NA,EMOBON_OOB_So_39
EMO BON OOB So 220425 meio (2),EMOBON mimarks-specimen sediment sample from station OOB collected on 2022-04-25 community collected meio,33208,Metazoa ,mimarks-specimen,sediment [ENVO:00002007],2022-04-25 00:00:00,OOB_So_220425,Bruno Hesse,NA,no_tide,meio,,2,NA,NA,27,PVC sediment corer,SoSOP 2,PVC cores of 7.5 cm in diameter,2022-04-25 00:00:00,"room 213, freezer LECOB",-80,Pierre E. Galand,0000-0002-2238-3247,Lyvia Lescure,NA,N,NA,2022-10-17 00:00:00,2022-10-26 00:00:00,-20,2022-07-18 00:00:00,2022-07-18 00:00:00,,NA,NA,NA,EMOBON_OOB_So_40
EMO BON OOB So 220425 meio (3),EMOBON mimarks-specimen sediment sample from station OOB collected on 2022-04-25 community collected meio,33208,Metazoa ,mimarks-specimen,sediment [ENVO:00002007],2022-04-25 00:00:00,OOB_So_220425,Bruno Hesse,NA,no_tide,meio,,3,NA,NA,27,PVC sediment corer,SoSOP 2,PVC cores of 7.5 cm in diameter,2022-04-25 00:00:00,"room 213, freezer LECOB",-80,Pierre E. Galand,0000-0002-2238-3247,Lyvia Lescure,NA,Y,NA,NA,NA,NA,NA,NA,,NA,NA,NA,EMOBON_OOB_So_41
EMO BON OOB So 220425 meio (4),EMOBON mimarks-specimen sediment sample from station OOB collected on 2022-04-25 community collected meio,33208,Metazoa ,mimarks-specimen,sediment [ENVO:00002007],2022-04-25 00:00:00,OOB_So_220425,Bruno Hesse,NA,no_tide,meio,,4,NA,NA,27,PVC sediment corer,SoSOP 2,PVC cores of 7.5 cm in diameter,2022-04-25 00:00:00,"room 213, freezer LECOB",-80,Pierre E. Galand,0000-0002-2238-3247,Lyvia Lescure,NA,Y,NA,NA,NA,NA,NA,NA,,NA,NA,NA,EMOBON_OOB_So_42
EMO BON OOB SO 220429 macro (1),EMOBON mimarks-specimen sediment sample from station OOB collected on 2022-04-29 community collected macro,33208,Metazoa ,mimarks-specimen,sediment [ENVO:00002007],2022-04-29 00:00:00,OOB_So_220429,Bruno Hesse,NA,no_tide,macro,,1,NA,NA,27,PVC sediment corer,SoSOP 3,PVC cores of 7.5 cm in diameter,2022-04-29 00:00:00,"room 213, freezer LECOB",-80,Pierre E. Galand,0000-0002-2238-3248,Lyvia Lescure,NA,N,NA,2022-10-17 00:00:00,2022-10-26 00:00:00,4,2023-10-17 00:00:00,2023-10-17 00:00:00,,NA,NA,NA,EMOBON_OOB_So_43
EMO BON OOB SO 220429 macro (2),EMOBON mimarks-specimen sediment sample from station OOB collected on 2022-04-29 community collected macro,33208,Metazoa ,mimarks-specimen,sediment [ENVO:00002007],2022-04-29 00:00:00,OOB_So_220429,Bruno Hesse,NA,no_tide,macro,,2,NA,NA,27,PVC sediment corer,SoSOP 4,PVC cores of 7.5 cm in diameter,2022-04-29 00:00:00,"room 213, freezer LECOB",-80,Pierre E. Galand,0000-0002-2238-3249,Lyvia Lescure,NA,N,NA,2022-10-17 00:00:00,2022-10-26 00:00:00,4,2023-10-17 00:00:00,2023-10-17 00:00:00,,NA,NA,NA,EMOBON_OOB_So_44
EMO BON OOB SO 220429 macro (3),EMOBON mimarks-specimen sediment sample from station OOB collected on 2022-04-29 community collected macro,33208,Metazoa ,mimarks-specimen,sediment [ENVO:00002007],2022-04-29 00:00:00,OOB_So_220429,Bruno Hesse,NA,no_tide,macro,,3,NA,NA,27,PVC sediment corer,SoSOP 5,PVC cores of 7.5 cm in diameter,2022-04-29 00:00:00,"room 213, freezer LECOB",-80,Pierre E. Galand,0000-0002-2238-3250,Lyvia Lescure,NA,Y,NA,NA,NA,NA,NA,NA,,NA,NA,NA,EMOBON_OOB_So_45
EMO BON OOB SO 220429 macro (4),EMOBON mimarks-specimen sediment sample from station OOB collected on 2022-04-29 community collected macro,33208,Metazoa ,mimarks-specimen,sediment [ENVO:00002007],2022-04-29 00:00:00,OOB_So_220429,Bruno Hesse,NA,no_tide,macro,,4,NA,NA,27,PVC sediment corer,SoSOP 6,PVC cores of 7.5 cm in diameter,2022-04-29 00:00:00,"room 213, freezer LECOB",-80,Pierre E. Galand,0000-0002-2238-3251,Lyvia Lescure,NA,Y,NA,NA,NA,NA,NA,NA,,NA,NA,NA,EMOBON_OOB_So_46
EMO BON OOB So 220628 micro (1),EMOBON metagenome sediment sample from station OOB collected on 2022-06-28 community collected micro,412755,marine sediment metagenome,metagenome,sediment [ENVO:00002007],2022-06-28 00:00:00,OOB_So_220628,Bruno Hesse,NA,no_tide,micro,,1,NA,NA,27,PVC sediment corer,SoSOP 2,PVC cores of 7.5 cm in diameter,2022-06-28 00:00:00,"room 213, freezer LECOB",-80,Pierre E. Galand,0000-0002-2238-3247,Lyvia Lescure,NA,N,10,2022-10-17 00:00:00,2022-10-26 00:00:00,-70,2022-07-18 00:00:00,2022-07-18 00:00:00,,NA,NA,NA,EMOBON_OOB_So_47
EMO BON OOB So 220628 micro (2),EMOBON metagenome sediment sample from station OOB collected on 2022-06-28 community collected micro,412755,marine sediment metagenome,metagenome,sediment [ENVO:00002007],2022-06-28 00:00:00,OOB_So_220628,Bruno Hesse,NA,no_tide,micro,,2,NA,NA,27,PVC sediment corer,SoSOP 2,PVC cores of 7.5 cm in diameter,2022-06-28 00:00:00,"room 213, freezer LECOB",-80,Pierre E. Galand,0000-0002-2238-3247,Lyvia Lescure,NA,N,10,2022-10-17 00:00:00,2022-10-26 00:00:00,-70,2022-07-18 00:00:00,2022-07-18 00:00:00,,NA,NA,NA,EMOBON_OOB_So_48
EMO BON OOB So 220628 micro (3),EMOBON metagenome sediment sample from station OOB collected on 2022-06-28 community collected micro,412755,marine sediment metagenome,metagenome,sediment [ENVO:00002007],2022-06-28 00:00:00,OOB_So_220628,Bruno Hesse,NA,no_tide,micro,,3,NA,NA,27,PVC sediment corer,SoSOP 2,PVC cores of 7.5 cm in diameter,2022-06-28 00:00:00,"room 213, freezer LECOB",-80,Pierre E. Galand,0000-0002-2238-3247,Lyvia Lescure,NA,Y,10,NA,NA,NA,NA,NA,,NA,NA,NA,EMOBON_OOB_So_49
EMO BON OOB So 220628 micro (4),EMOBON metagenome sediment sample from station OOB collected on 2022-06-28 community collected micro,412755,marine sediment metagenome,metagenome,sediment [ENVO:00002007],2022-06-28 00:00:00,OOB_So_220628,Bruno Hesse,NA,no_tide,micro,,4,NA,NA,27,PVC sediment corer,SoSOP 2,PVC cores of 7.5 cm in diameter,2022-06-28 00:00:00,"room 213, freezer LECOB",-80,Pierre E. Galand,0000-0002-2238-3247,Lyvia Lescure,NA,Y,10,NA,NA,NA,NA,NA,,NA,NA,NA,EMOBON_OOB_So_50
EMO BON OOB So 220628 micro (blank),EMOBON metagenome sediment sample from station OOB collected on 2022-06-28 community collected micro,256318,metagenome,metagenome,sediment [ENVO:00002007],2022-06-28 00:00:00,OOB_So_220628,Bruno Hesse,NA,no_tide,micro,,blank_1,NA,NA,27,PVC sediment corer,SoSOP 2,PVC cores of 7.5 cm in diameter,2022-06-28 00:00:00,"room 213, freezer LECOB",-80,Pierre E. Galand,0000-0002-2238-3247,Lyvia Lescure,NA,Y,10,NA,NA,NA,NA,NA,,NA,NA,NA,EMOBON_OOB_So_51
EMO BON OOB So 220628 meio (1),EMOBON mimarks-specimen sediment sample from station OOB collected on 2022-06-28 community collected meio,33208,Metazoa ,mimarks-specimen,sediment [ENVO:00002007],2022-06-28 00:00:00,OOB_So_220628,Bruno Hesse,NA,no_tide,meio,,1,NA,NA,27,PVC sediment corer,SoSOP 2,PVC cores of 7.5 cm in diameter,2022-06-28 00:00:00,"room 213, freezer LECOB",-80,Pierre E. Galand,0000-0002-2238-3247,Lyvia Lescure,NA,N,NA,2022-10-17 00:00:00,2022-10-26 00:00:00,-20,2022-07-18 00:00:00,2022-07-18 00:00:00,,NA,NA,NA,EMOBON_OOB_So_52
EMO BON OOB So 220628 meio (2),EMOBON mimarks-specimen sediment sample from station OOB collected on 2022-06-28 community collected meio,33208,Metazoa ,mimarks-specimen,sediment [ENVO:00002007],2022-06-28 00:00:00,OOB_So_220628,Bruno Hesse,NA,no_tide,meio,,2,NA,NA,27,PVC sediment corer,SoSOP 2,PVC cores of 7.5 cm in diameter,2022-06-28 00:00:00,"room 213, freezer LECOB",-80,Pierre E. Galand,0000-0002-2238-3247,Lyvia Lescure,NA,N,NA,2022-10-17 00:00:00,2022-10-26 00:00:00,-20,2022-07-18 00:00:00,2022-07-18 00:00:00,,NA,NA,NA,EMOBON_OOB_So_53
EMO BON OOB So 220628 meio (3),EMOBON mimarks-specimen sediment sample from station OOB collected on 2022-06-28 community collected meio,33208,Metazoa ,mimarks-specimen,sediment [ENVO:00002007],2022-06-28 00:00:00,OOB_So_220628,Bruno Hesse,NA,no_tide,meio,,3,NA,NA,27,PVC sediment corer,SoSOP 2,PVC cores of 7.5 cm in diameter,2022-06-28 00:00:00,"room 213, freezer LECOB",-80,Pierre E. Galand,0000-0002-2238-3247,Lyvia Lescure,NA,Y,NA,NA,NA,NA,NA,NA,,NA,NA,NA,EMOBON_OOB_So_54
EMO BON OOB So 220628 meio (4),EMOBON mimarks-specimen sediment sample from station OOB collected on 2022-06-28 community collected meio,33208,Metazoa ,mimarks-specimen,sediment [ENVO:00002007],2022-06-28 00:00:00,OOB_So_220628,Bruno Hesse,NA,no_tide,meio,,4,NA,NA,27,PVC sediment corer,SoSOP 2,PVC cores of 7.5 cm in diameter,2022-06-28 00:00:00,"room 213, freezer LECOB",-80,Pierre E. Galand,0000-0002-2238-3247,Lyvia Lescure,NA,Y,NA,NA,NA,NA,NA,NA,,NA,NA,NA,EMOBON_OOB_So_55
EMO BON OOB So 220823 micro (1),EMOBON metagenome sediment sample from station OOB collected on 2022-08-23 community collected micro,412755,marine sediment metagenome,metagenome,sediment [ENVO:00002007],2022-08-23 00:00:00,OOB_So_220623,Bruno Hesse,NA,no_tide,micro,,1,NA,NA,27,PVC sediment corer,SoSOP 2,PVC cores of 7.5 cm in diameter,2022-08-23 00:00:00,"room 213, freezer LECOB",-80,Pierre E. Galand,0000-0002-2238-3247,Lyvia Lescure,NA,N,10,2022-10-17 00:00:00,2022-10-26 00:00:00,-70,2022-07-18 00:00:00,2022-07-18 00:00:00,,NA,NA,NA,EMOBON_OOB_So_56
EMO BON OOB So 220823 micro (2),EMOBON metagenome sediment sample from station OOB collected on 2022-08-23 community collected micro,412755,marine sediment metagenome,metagenome,sediment [ENVO:00002007],2022-08-23 00:00:00,OOB_So_220823,Bruno Hesse,NA,no_tide,micro,,2,NA,NA,27,PVC sediment corer,SoSOP 2,PVC cores of 7.5 cm in diameter,2022-08-23 00:00:00,"room 213, freezer LECOB",-80,Pierre E. Galand,0000-0002-2238-3247,Lyvia Lescure,NA,N,10,2022-10-17 00:00:00,2022-10-26 00:00:00,-70,2022-07-18 00:00:00,2022-07-18 00:00:00,,NA,NA,NA,EMOBON_OOB_So_57
EMO BON OOB So 220823 micro (3),EMOBON metagenome sediment sample from station OOB collected on 2022-08-23 community collected micro,412755,marine sediment metagenome,metagenome,sediment [ENVO:00002007],2022-08-23 00:00:00,OOB_So_220823,Bruno Hesse,NA,no_tide,micro,,3,NA,NA,27,PVC sediment corer,SoSOP 2,PVC cores of 7.5 cm in diameter,2022-08-23 00:00:00,"room 213, freezer LECOB",-80,Pierre E. Galand,0000-0002-2238-3247,Lyvia Lescure,NA,Y,10,NA,NA,NA,NA,NA,,NA,NA,NA,EMOBON_OOB_So_58
EMO BON OOB So 220823 micro (4),EMOBON metagenome sediment sample from station OOB collected on 2022-08-23 community collected micro,412755,marine sediment metagenome,metagenome,sediment [ENVO:00002007],2022-08-23 00:00:00,OOB_So_220823,Bruno Hesse,NA,no_tide,micro,,4,NA,NA,27,PVC sediment corer,SoSOP 2,PVC cores of 7.5 cm in diameter,2022-08-23 00:00:00,"room 213, freezer LECOB",-80,Pierre E. Galand,0000-0002-2238-3247,Lyvia Lescure,NA,Y,10,NA,NA,NA,NA,NA,,NA,NA,NA,EMOBON_OOB_So_59
EMO BON OOB So 220823 micro (blank),EMOBON metagenome sediment sample from station OOB collected on 2022-08-23 community collected micro,256318,metagenome,metagenome,sediment [ENVO:00002007],2022-08-23 00:00:00,OOB_So_220823,Bruno Hesse,NA,no_tide,micro,,blank_1,NA,NA,27,PVC sediment corer,SoSOP 2,PVC cores of 7.5 cm in diameter,2022-08-23 00:00:00,"room 213, freezer LECOB",-80,Pierre E. Galand,0000-0002-2238-3247,Lyvia Lescure,NA,Y,10,NA,NA,NA,NA,NA,,NA,NA,NA,EMOBON_OOB_So_60
EMO BON OOB So 221012 micro (1),EMOBON metagenome sediment sample from station OOB collected on 2022-10-12 community collected micro,412755,marine sediment metagenome,metagenome,sediment [ENVO:00002007],2022-10-12 00:00:00,OOB_So_221012,Bruno Hesse,NA,no_tide,micro,,1,NA,NA,27,PVC sediment corer,SoSOP 2,PVC cores of 7.5 cm in diameter,2022-10-12 00:00:00,"room 213, freezer LECOB",-80,Pierre E. Galand,0000-0002-2238-3247,Lyvia Lescure,NA,N,10,2023-06-12 00:00:00,2023-06-15 00:00:00,-70,,,,NA,NA,NA,EMOBON_OOB_So_61
EMO BON OOB So 221012 micro (2),EMOBON metagenome sediment sample from station OOB collected on 2022-10-12 community collected micro,412755,marine sediment metagenome,metagenome,sediment [ENVO:00002007],2022-10-12 00:00:00,OOB_So_221012,Bruno Hesse,NA,no_tide,micro,,2,NA,NA,27,PVC sediment corer,SoSOP 2,PVC cores of 7.5 cm in diameter,2022-10-12 00:00:00,"room 213, freezer LECOB",-80,Pierre E. Galand,0000-0002-2238-3247,Lyvia Lescure,NA,N,10,2023-06-12 00:00:00,2023-06-15 00:00:00,-70,,,,NA,NA,NA,EMOBON_OOB_So_62
EMO BON OOB So 221012 micro (3),EMOBON metagenome sediment sample from station OOB collected on 2022-10-12 community collected micro,412755,marine sediment metagenome,metagenome,sediment [ENVO:00002007],2022-10-12 00:00:00,OOB_So_221012,Bruno Hesse,NA,no_tide,micro,,3,NA,NA,27,PVC sediment corer,SoSOP 2,PVC cores of 7.5 cm in diameter,2022-10-12 00:00:00,"room 213, freezer LECOB",-80,Pierre E. Galand,0000-0002-2238-3247,Lyvia Lescure,NA,Y,10,NA,NA,NA,NA,NA,,NA,NA,NA,EMOBON_OOB_So_63
EMO BON OOB So 221012 micro (4),EMOBON metagenome sediment sample from station OOB collected on 2022-10-12 community collected micro,412755,marine sediment metagenome,metagenome,sediment [ENVO:00002007],2022-10-12 00:00:00,OOB_So_221012,Bruno Hesse,NA,no_tide,micro,,4,NA,NA,27,PVC sediment corer,SoSOP 2,PVC cores of 7.5 cm in diameter,2022-10-12 00:00:00,"room 213, freezer LECOB",-80,Pierre E. Galand,0000-0002-2238-3247,Lyvia Lescure,NA,Y,10,NA,NA,NA,NA,NA,,NA,NA,NA,EMOBON_OOB_So_64
EMO BON OOB So 221012 micro (blank),EMOBON metagenome sediment sample from station OOB collected on 2022-10-12 community collected micro,256318,metagenome,metagenome,sediment [ENVO:00002007],2022-10-12 00:00:00,OOB_So_221012,Bruno Hesse,NA,no_tide,micro,,blank_1,NA,NA,27,PVC sediment corer,SoSOP 2,PVC cores of 7.5 cm in diameter,2022-10-12 00:00:00,"room 213, freezer LECOB",-80,Pierre E. Galand,0000-0002-2238-3247,Lyvia Lescure,NA,Y,10,NA,NA,NA,NA,NA,,NA,NA,NA,EMOBON_OOB_So_65
EMO BON OOB So 221012 meio (1),EMOBON mimarks-specimen sediment sample from station OOB collected on 2022-10-12 community collected meio,33208,Metazoa ,mimarks-specimen,sediment [ENVO:00002007],2022-10-12 00:00:00,OOB_So_221012,Bruno Hesse,NA,no_tide,meio,,1,NA,NA,27,PVC sediment corer,SoSOP 2,PVC cores of 7.5 cm in diameter,2022-10-12 00:00:00,"room 301, freezer LECOB",-20,Jadwiga Orignac,0000-0002-2238-3247,Lyvia Lescure,NA,N,NA,2023-09-18 00:00:00,2023-10-05 00:00:00,-20,,,,NA,NA,NA,EMOBON_OOB_So_66
EMO BON OOB So 221012 meio (2),EMOBON mimarks-specimen sediment sample from station OOB collected on 2022-10-12 community collected meio,33208,Metazoa ,mimarks-specimen,sediment [ENVO:00002007],2022-10-12 00:00:00,OOB_So_221012,Bruno Hesse,NA,no_tide,meio,,2,NA,NA,27,PVC sediment corer,SoSOP 2,PVC cores of 7.5 cm in diameter,2022-10-12 00:00:00,"room 301, freezer LECOB",-20,Jadwiga Orignac,0000-0002-2238-3247,Lyvia Lescure,NA,N,NA,2023-09-18 00:00:00,2023-10-05 00:00:00,-20,,,,NA,NA,NA,EMOBON_OOB_So_67
EMO BON OOB So 221012 meio (3),EMOBON mimarks-specimen sediment sample from station OOB collected on 2022-10-12 community collected meio,33208,Metazoa ,mimarks-specimen,sediment [ENVO:00002007],2022-10-12 00:00:00,OOB_So_221012,Bruno Hesse,NA,no_tide,meio,,3,NA,NA,27,PVC sediment corer,SoSOP 2,PVC cores of 7.5 cm in diameter,2022-10-12 00:00:00,"room 301, freezer LECOB",-20,Jadwiga Orignac,0000-0002-2238-3247,Lyvia Lescure,NA,Y,NA,NA,NA,NA,NA,NA,,NA,NA,NA,EMOBON_OOB_So_68
EMO BON OOB So 221012 meio (4),EMOBON mimarks-specimen sediment sample from station OOB collected on 2022-10-12 community collected meio,33208,Metazoa ,mimarks-specimen,sediment [ENVO:00002007],2022-10-12 00:00:00,OOB_So_221012,Bruno Hesse,NA,no_tide,meio,,4,NA,NA,27,PVC sediment corer,SoSOP 2,PVC cores of 7.5 cm in diameter,2022-10-12 00:00:00,"room 301, freezer LECOB",-20,Jadwiga Orignac,0000-0002-2238-3247,Lyvia Lescure,NA,Y,NA,NA,NA,NA,NA,NA,,NA,NA,NA,EMOBON_OOB_So_69
EMO BON OOB SO 221012 macro (1),EMOBON mimarks-specimen sediment sample from station OOB collected on 2022-10-12 community collected macro,33208,Metazoa ,mimarks-specimen,sediment [ENVO:00002007],2022-10-12 00:00:00,OOB_So_221012,Bruno Hesse,NA,no_tide,macro,,1,NA,NA,27,van veen,,,2022-10-12 00:00:00,,,Céline Labrune,0000-0002-2238-3247,Lyvia Lescure,NA,N,NA,2023-09-18 00:00:00,2023-10-05 00:00:00,4,,,,NA,NA,NA,EMOBON_OOB_So_70
EMO BON OOB SO 221012 macro (2),EMOBON mimarks-specimen sediment sample from station OOB collected on 2022-10-12 community collected macro,33208,Metazoa ,mimarks-specimen,sediment [ENVO:00002007],2022-10-12 00:00:00,OOB_So_221012,Bruno Hesse,NA,no_tide,macro,,2,NA,NA,27,van veen,,,2022-10-12 00:00:00,,,Céline Labrune,0000-0002-2238-3247,Lyvia Lescure,NA,N,NA,2023-09-18 00:00:00,2023-10-05 00:00:00,4,,,,NA,NA,NA,EMOBON_OOB_So_71
EMO BON OOB SO 221012 macro (3),EMOBON mimarks-specimen sediment sample from station OOB collected on 2022-10-12 community collected macro,33208,Metazoa ,mimarks-specimen,sediment [ENVO:00002007],2022-10-12 00:00:00,OOB_So_221012,Bruno Hesse,NA,no_tide,macro,,3,NA,NA,27,van veen,,,2022-10-12 00:00:00,,,Céline Labrune,0000-0002-2238-3247,Lyvia Lescure,NA,Y,NA,NA,NA,NA,NA,NA,,NA,NA,NA,EMOBON_OOB_So_72
EMO BON OOB SO 221012 macro (4),EMOBON mimarks-specimen sediment sample from station OOB collected on 2022-10-12 community collected macro,33208,Metazoa ,mimarks-specimen,sediment [ENVO:00002007],2022-10-12 00:00:00,OOB_So_221012,Bruno Hesse,NA,no_tide,macro,,4,NA,NA,27,van veen,,,2022-10-12 00:00:00,,,Céline Labrune,0000-0002-2238-3247,Lyvia Lescure,NA,Y,NA,NA,NA,NA,NA,NA,,NA,NA,NA,EMOBON_OOB_So_73
EMO BON OOB So 221206 micro (1),EMOBON metagenome sediment sample from station OOB collected on 2022-12-06 community collected micro,412755,marine sediment metagenome,metagenome,sediment [ENVO:00002007],2022-12-06 00:00:00,OOB_So_221206,Bruno Hesse,NA,no_tide,micro,,1,NA,NA,27,PVC sediment corer,SoSOP 2,PVC cores of 7.5 cm in diameter,2022-12-06 00:00:00,"room 213, freezer LECOB",-80,Pierre E. Galand,0000-0002-2238-3247,Lyvia Lescure,NA,N,10,2023-06-12 00:00:00,2023-06-15 00:00:00,-70,,,,NA,NA,NA,EMOBON_OOB_So_74
EMO BON OOB So 221206 micro (2),EMOBON metagenome sediment sample from station OOB collected on 2022-12-06 community collected micro,412755,marine sediment metagenome,metagenome,sediment [ENVO:00002007],2022-12-06 00:00:00,OOB_So_221206,Bruno Hesse,NA,no_tide,micro,,2,NA,NA,27,PVC sediment corer,SoSOP 2,PVC cores of 7.5 cm in diameter,2022-12-06 00:00:00,"room 213, freezer LECOB",-80,Pierre E. Galand,0000-0002-2238-3247,Lyvia Lescure,NA,N,10,2023-06-12 00:00:00,2023-06-15 00:00:00,-70,,,,NA,NA,NA,EMOBON_OOB_So_75
EMO BON OOB So 221206 micro (3),EMOBON metagenome sediment sample from station OOB collected on 2022-12-06 community collected micro,412755,marine sediment metagenome,metagenome,sediment [ENVO:00002007],2022-12-06 00:00:00,OOB_So_221206,Bruno Hesse,NA,no_tide,micro,,3,NA,NA,27,PVC sediment corer,SoSOP 2,PVC cores of 7.5 cm in diameter,2022-12-06 00:00:00,"room 213, freezer LECOB",-80,Pierre E. Galand,0000-0002-2238-3247,Lyvia Lescure,NA,Y,10,NA,NA,NA,NA,NA,,NA,NA,NA,EMOBON_OOB_So_76
EMO BON OOB So 221206 micro (4),EMOBON metagenome sediment sample from station OOB collected on 2022-12-06 community collected micro,412755,marine sediment metagenome,metagenome,sediment [ENVO:00002007],2022-12-06 00:00:00,OOB_So_221206,Bruno Hesse,NA,no_tide,micro,,4,NA,NA,27,PVC sediment corer,SoSOP 2,PVC cores of 7.5 cm in diameter,2022-12-06 00:00:00,"room 213, freezer LECOB",-80,Pierre E. Galand,0000-0002-2238-3247,Lyvia Lescure,NA,Y,10,NA,NA,NA,NA,NA,,NA,NA,NA,EMOBON_OOB_So_77
EMO BON OOB So 221206 micro (blank),EMOBON metagenome sediment sample from station OOB collected on 2022-12-06 community collected micro,256318,metagenome,metagenome,sediment [ENVO:00002007],2022-12-06 00:00:00,OOB_So_221206,Bruno Hesse,NA,no_tide,micro,,blank_1,NA,NA,27,PVC sediment corer,SoSOP 2,PVC cores of 7.5 cm in diameter,2022-12-06 00:00:00,"room 213, freezer LECOB",-80,Pierre E. Galand,0000-0002-2238-3247,Lyvia Lescure,NA,Y,10,NA,NA,NA,NA,NA,,NA,NA,NA,EMOBON_OOB_So_78
EMO BON OOB So 230301 micro (1),EMOBON metagenome sediment sample from station OOB collected on 2023-03-01 community collected micro,412755,marine sediment metagenome,metagenome,sediment [ENVO:00002007],2023-03-01 00:00:00,OOB_So_230301,Bruno Hesse,NA,no_tide,micro,,1,NA,NA,27,PVC sediment corer,SoSOP 2,PVC cores of 7.5 cm in diameter,2023-03-01 00:00:00,"room 213, freezer LECOB",-80,Pierre E. Galand,0000-0002-2238-3247,Lyvia Lescure,NA,N,10,2023-06-12 00:00:00,2023-06-15 00:00:00,-70,,,,NA,NA,NA,EMOBON_OOB_So_79
EMO BON OOB So 230301 micro (2),EMOBON metagenome sediment sample from station OOB collected on 2023-03-01 community collected micro,412755,marine sediment metagenome,metagenome,sediment [ENVO:00002007],2023-03-01 00:00:00,OOB_So_230301,Bruno Hesse,NA,no_tide,micro,,2,NA,NA,27,PVC sediment corer,SoSOP 2,PVC cores of 7.5 cm in diameter,2023-03-01 00:00:00,"room 213, freezer LECOB",-80,Pierre E. Galand,0000-0002-2238-3247,Lyvia Lescure,NA,N,10,2023-06-12 00:00:00,2023-06-15 00:00:00,-70,,,,NA,NA,NA,EMOBON_OOB_So_80
EMO BON OOB So 230301 micro (3),EMOBON metagenome sediment sample from station OOB collected on 2023-03-01 community collected micro,412755,marine sediment metagenome,metagenome,sediment [ENVO:00002007],2023-03-01 00:00:00,OOB_So_230301,Bruno Hesse,NA,no_tide,micro,,3,NA,NA,27,PVC sediment corer,SoSOP 2,PVC cores of 7.5 cm in diameter,2023-03-01 00:00:00,"room 213, freezer LECOB",-80,Pierre E. Galand,0000-0002-2238-3247,Lyvia Lescure,NA,Y,10,NA,NA,NA,NA,NA,,NA,NA,NA,EMOBON_OOB_So_81
EMO BON OOB So 230301 micro (4),EMOBON metagenome sediment sample from station OOB collected on 2023-03-01 community collected micro,412755,marine sediment metagenome,metagenome,sediment [ENVO:00002007],2023-03-01 00:00:00,OOB_So_230301,Bruno Hesse,NA,no_tide,micro,,4,NA,NA,27,PVC sediment corer,SoSOP 2,PVC cores of 7.5 cm in diameter,2023-03-01 00:00:00,"room 213, freezer LECOB",-80,Pierre E. Galand,0000-0002-2238-3247,Lyvia Lescure,NA,Y,10,NA,NA,NA,NA,NA,,NA,NA,NA,EMOBON_OOB_So_82
EMO BON OOB So 230301 micro (blank),EMOBON metagenome sediment sample from station OOB collected on 2023-03-01 community collected micro,256318,metagenome,metagenome,sediment [ENVO:00002007],2023-03-01 00:00:00,OOB_So_230301,Bruno Hesse,NA,no_tide,micro,,blank_1,NA,NA,27,PVC sediment corer,SoSOP 2,PVC cores of 7.5 cm in diameter,2023-03-01 00:00:00,"room 213, freezer LECOB",-80,Pierre E. Galand,0000-0002-2238-3247,Lyvia Lescure,NA,Y,10,NA,NA,NA,NA,NA,,NA,NA,NA,EMOBON_OOB_So_83
EMO BON OOB So 230425 micro (1),EMOBON metagenome sediment sample from station OOB collected on 2023-04-25 community collected micro,412755,marine sediment metagenome,metagenome,sediment [ENVO:00002007],2023-04-25 00:00:00,OOB_So_230425,Bruno Hesse,NA,no_tide,micro,,1,NA,NA,27,PVC sediment corer,SoSOP 2,PVC cores of 7.5 cm in diameter,2023-04-25 00:00:00,"room 213, freezer LECOB",-80,Pierre E. Galand,0000-0002-2238-3247,Lyvia Lescure,NA,N,10,2023-06-12 00:00:00,2023-06-15 00:00:00,-70,,,,NA,NA,NA,EMOBON_OOB_So_84
EMO BON OOB So 230425 micro (2),EMOBON metagenome sediment sample from station OOB collected on 2023-04-25 community collected micro,412755,marine sediment metagenome,metagenome,sediment [ENVO:00002007],2023-04-25 00:00:00,OOB_So_230425,Bruno Hesse,NA,no_tide,micro,,2,NA,NA,27,PVC sediment corer,SoSOP 2,PVC cores of 7.5 cm in diameter,2023-04-25 00:00:00,"room 213, freezer LECOB",-80,Pierre E. Galand,0000-0002-2238-3247,Lyvia Lescure,NA,N,10,2023-06-12 00:00:00,2023-06-15 00:00:00,-70,,,,NA,NA,NA,EMOBON_OOB_So_85
EMO BON OOB So 230425 micro (3),EMOBON metagenome sediment sample from station OOB collected on 2023-04-25 community collected micro,412755,marine sediment metagenome,metagenome,sediment [ENVO:00002007],2023-04-25 00:00:00,OOB_So_230425,Bruno Hesse,NA,no_tide,micro,,3,NA,NA,27,PVC sediment corer,SoSOP 2,PVC cores of 7.5 cm in diameter,2023-04-25 00:00:00,"room 213, freezer LECOB",-80,Pierre E. Galand,0000-0002-2238-3247,Lyvia Lescure,NA,Y,10,NA,NA,NA,NA,NA,,NA,NA,NA,EMOBON_OOB_So_86
EMO BON OOB So 230425 micro (4),EMOBON metagenome sediment sample from station OOB collected on 2023-04-25 community collected micro,412755,marine sediment metagenome,metagenome,sediment [ENVO:00002007],2023-04-25 00:00:00,OOB_So_230425,Bruno Hesse,NA,no_tide,micro,,4,NA,NA,27,PVC sediment corer,SoSOP 2,PVC cores of 7.5 cm in diameter,2023-04-25 00:00:00,"room 213, freezer LECOB",-80,Pierre E. Galand,0000-0002-2238-3247,Lyvia Lescure,NA,Y,10,NA,NA,NA,NA,NA,,NA,NA,NA,EMOBON_OOB_So_87
EMO BON OOB So 230425 micro (blank),EMOBON metagenome sediment sample from station OOB collected on 2023-04-25 community collected micro,256318,metagenome,metagenome,sediment [ENVO:00002007],2023-04-25 00:00:00,OOB_So_230425,Bruno Hesse,NA,no_tide,micro,,blank_1,NA,NA,27,PVC sediment corer,SoSOP 2,PVC cores of 7.5 cm in diameter,2023-04-25 00:00:00,"room 213, freezer LECOB",-80,Pierre E. Galand,0000-0002-2238-3247,Lyvia Lescure,NA,Y,10,NA,NA,NA,NA,NA,,NA,NA,NA,EMOBON_OOB_So_88
EMO BON OOB So 230425 meio (1),EMOBON mimarks-specimen sediment sample from station OOB collected on 2023-04-25 community collected meio,33208,Metazoa ,mimarks-specimen,sediment [ENVO:00002007],2023-04-25 00:00:00,OOB_So_230425,Bruno Hesse,NA,no_tide,meio,,1,NA,NA,27,PVC sediment corer,SoSOP 2,PVC cores of 7.5 cm in diameter,2023-04-25 00:00:00,"room 301, freezer LECOB",-20,Jadwiga Orignac,0000-0002-2238-3247,Lyvia Lescure,NA,N,,2023-09-18 00:00:00,2023-10-05 00:00:00,-20,,,,NA,NA,NA,EMOBON_OOB_So_89
EMO BON OOB So 230425 meio (2),EMOBON mimarks-specimen sediment sample from station OOB collected on 2023-04-25 community collected meio,33208,Metazoa ,mimarks-specimen,sediment [ENVO:00002007],2023-04-25 00:00:00,OOB_So_230425,Bruno Hesse,NA,no_tide,meio,,2,NA,NA,27,PVC sediment corer,SoSOP 2,PVC cores of 7.5 cm in diameter,2023-04-25 00:00:00,"room 301, freezer LECOB",-20,Jadwiga Orignac,0000-0002-2238-3247,Lyvia Lescure,NA,N,,2023-09-18 00:00:00,2023-10-05 00:00:00,-20,,,,NA,NA,NA,EMOBON_OOB_So_90
EMO BON OOB So 230425 meio (3),EMOBON mimarks-specimen sediment sample from station OOB collected on 2023-04-25 community collected meio,33208,Metazoa ,mimarks-specimen,sediment [ENVO:00002007],2023-04-25 00:00:00,OOB_So_230425,Bruno Hesse,NA,no_tide,meio,,3,NA,NA,27,PVC sediment corer,SoSOP 2,PVC cores of 7.5 cm in diameter,2023-04-25 00:00:00,"room 301, freezer LECOB",-20,Jadwiga Orignac,0000-0002-2238-3247,Lyvia Lescure,NA,Y,,NA,NA,NA,NA,NA,,NA,NA,NA,EMOBON_OOB_So_91
EMO BON OOB So 230425 meio (4),EMOBON mimarks-specimen sediment sample from station OOB collected on 2023-04-25 community collected meio,33208,Metazoa ,mimarks-specimen,sediment [ENVO:00002007],2023-04-25 00:00:00,OOB_So_230425,Bruno Hesse,NA,no_tide,meio,,4,NA,NA,27,PVC sediment corer,SoSOP 2,PVC cores of 7.5 cm in diameter,2023-04-25 00:00:00,"room 301, freezer LECOB",-20,Jadwiga Orignac,0000-0002-2238-3247,Lyvia Lescure,NA,Y,,NA,NA,NA,NA,NA,,NA,NA,NA,EMOBON_OOB_So_92
EMO BON OOB So 230427 macro (1),EMOBON mimarks-specimen sediment sample from station OOB collected on 2023-04-27 community collected macro,33208,Metazoa ,mimarks-specimen,sediment [ENVO:00002007],2023-04-27 00:00:00,OOB_So_230427,Bruno Hesse,NA,no_tide,macro,,1,NA,NA,27,van veen,,,2023-04-27 00:00:00,,,Céline Labrune,0000-0002-2238-3247,Lyvia Lescure,NA,N,,2023-09-18 00:00:00,2023-10-05 00:00:00,4,,,,NA,NA,NA,EMOBON_OOB_So_93
EMO BON OOB So 230427 macro (2),EMOBON mimarks-specimen sediment sample from station OOB collected on 2023-04-27 community collected macro,33208,Metazoa ,mimarks-specimen,sediment [ENVO:00002007],2023-04-27 00:00:00,OOB_So_230427,Bruno Hesse,NA,no_tide,macro,,2,NA,NA,27,van veen,,,2023-04-27 00:00:00,,,Céline Labrune,0000-0002-2238-3247,Lyvia Lescure,NA,N,,2023-09-18 00:00:00,2023-10-05 00:00:00,4,,,,NA,NA,NA,EMOBON_OOB_So_94
EMO BON OOB So 230427 macro (3),EMOBON mimarks-specimen sediment sample from station OOB collected on 2023-04-27 community collected macro,33208,Metazoa ,mimarks-specimen,sediment [ENVO:00002007],2023-04-27 00:00:00,OOB_So_230427,Bruno Hesse,NA,no_tide,macro,,3,NA,NA,27,van veen,,,2023-04-27 00:00:00,,,Céline Labrune,0000-0002-2238-3247,Lyvia Lescure,NA,Y,,NA,NA,NA,NA,NA,,NA,NA,NA,EMOBON_OOB_So_95
EMO BON OOB So 230427 macro (4),EMOBON mimarks-specimen sediment sample from station OOB collected on 2023-04-27 community collected macro,33208,Metazoa ,mimarks-specimen,sediment [ENVO:00002007],2023-04-27 00:00:00,OOB_So_230427,Bruno Hesse,NA,no_tide,macro,,4,NA,NA,27,van veen,,,2023-04-27 00:00:00,,,Céline Labrune,0000-0002-2238-3247,Lyvia Lescure,NA,Y,,NA,NA,NA,NA,NA,,NA,NA,NA,EMOBON_OOB_So_96
EMO BON OOB So 230620 micro (1),EMOBON metagenome sediment sample from station OOB collected on 2023-06-20 community collected micro,412755,marine sediment metagenome,metagenome,sediment [ENVO:00002007],2023-06-20 00:00:00,OOB_So_230620,Bruno Hesse,NA,no_tide,micro,,1,NA,NA,27,PVC sediment corer,SoSOP 2,PVC cores of 7.5 cm in diameter,2023-06-20 00:00:00,"room 213, freezer LECOB",-80,Pierre E. Galand,0000-0002-2238-3247,Lyvia Lescure,NA,N,10,2023-09-18 00:00:00,2023-10-05 00:00:00,-70,,,,NA,NA,NA,EMOBON_OOB_So_97
EMO BON OOB So 230620 micro (2),EMOBON metagenome sediment sample from station OOB collected on 2023-06-20 community collected micro,412755,marine sediment metagenome,metagenome,sediment [ENVO:00002007],2023-06-20 00:00:00,OOB_So_230620,Bruno Hesse,NA,no_tide,micro,,2,NA,NA,27,PVC sediment corer,SoSOP 2,PVC cores of 7.5 cm in diameter,2023-06-20 00:00:00,"room 213, freezer LECOB",-80,Pierre E. Galand,0000-0002-2238-3247,Lyvia Lescure,NA,N,10,2023-09-18 00:00:00,2023-10-05 00:00:00,-70,,,,NA,NA,NA,EMOBON_OOB_So_98
EMO BON OOB So 230620 micro (3),EMOBON metagenome sediment sample from station OOB collected on 2023-06-20 community collected micro,412755,marine sediment metagenome,metagenome,sediment [ENVO:00002007],2023-06-20 00:00:00,OOB_So_230620,Bruno Hesse,NA,no_tide,micro,,3,NA,NA,27,PVC sediment corer,SoSOP 2,PVC cores of 7.5 cm in diameter,2023-06-20 00:00:00,"room 213, freezer LECOB",-80,Pierre E. Galand,0000-0002-2238-3247,Lyvia Lescure,NA,Y,10,NA,NA,NA,NA,NA,,NA,NA,NA,EMOBON_OOB_So_99
EMO BON OOB So 230620 micro (4),EMOBON metagenome sediment sample from station OOB collected on 2023-06-20 community collected micro,412755,marine sediment metagenome,metagenome,sediment [ENVO:00002007],2023-06-20 00:00:00,OOB_So_230620,Bruno Hesse,NA,no_tide,micro,,4,NA,NA,27,PVC sediment corer,SoSOP 2,PVC cores of 7.5 cm in diameter,2023-06-20 00:00:00,"room 213, freezer LECOB",-80,Pierre E. Galand,0000-0002-2238-3247,Lyvia Lescure,NA,Y,10,NA,NA,NA,NA,NA,,NA,NA,NA,EMOBON_OOB_So_100
EMO BON OOB So 230620 micro (blank),EMOBON metagenome sediment sample from station OOB collected on 2023-06-20 community collected micro,256318,metagenome,metagenome,sediment [ENVO:00002007],2023-06-20 00:00:00,OOB_So_230620,Bruno Hesse,NA,no_tide,micro,,blank_1,NA,NA,27,PVC sediment corer,SoSOP 2,PVC cores of 7.5 cm in diameter,2023-06-20 00:00:00,"room 213, freezer LECOB",-80,Pierre E. Galand,0000-0002-2238-3247,Lyvia Lescure,NA,Y,10,NA,NA,NA,NA,NA,,NA,NA,NA,EMOBON_OOB_So_101
EMO BON OOB So 230620 meio (1),EMOBON mimarks-specimen sediment sample from station OOB collected on 2023-06-20 community collected meio,33208,Metazoa ,mimarks-specimen,sediment [ENVO:00002007],2023-06-20 00:00:00,OOB_So_230620,Bruno Hesse,NA,no_tide,meio,,1,NA,NA,27,PVC sediment corer,SoSOP 2,PVC cores of 7.5 cm in diameter,2023-06-20 00:00:00,"room 301, freezer LECOB",-20,Jadwiga Orignac,0000-0002-2238-3247,Lyvia Lescure,NA,N,NA,2023-09-18 00:00:00,2023-10-05 00:00:00,-20,,,,NA,NA,NA,EMOBON_OOB_So_102
EMO BON OOB So 230620 meio (2),EMOBON mimarks-specimen sediment sample from station OOB collected on 2023-06-20 community collected meio,33208,Metazoa ,mimarks-specimen,sediment [ENVO:00002007],2023-06-20 00:00:00,OOB_So_230620,Bruno Hesse,NA,no_tide,meio,,2,NA,NA,27,PVC sediment corer,SoSOP 2,PVC cores of 7.5 cm in diameter,2023-06-20 00:00:00,"room 301, freezer LECOB",-20,Jadwiga Orignac,0000-0002-2238-3247,Lyvia Lescure,NA,N,NA,2023-09-18 00:00:00,2023-10-05 00:00:00,-20,,,,NA,NA,NA,EMOBON_OOB_So_103
EMO BON OOB So 230620 meio (3),EMOBON mimarks-specimen sediment sample from station OOB collected on 2023-06-20 community collected meio,33208,Metazoa ,mimarks-specimen,sediment [ENVO:00002007],2023-06-20 00:00:00,OOB_So_230620,Bruno Hesse,NA,no_tide,meio,,3,NA,NA,27,PVC sediment corer,SoSOP 2,PVC cores of 7.5 cm in diameter,2023-06-20 00:00:00,"room 301, freezer LECOB",-20,Jadwiga Orignac,0000-0002-2238-3247,Lyvia Lescure,NA,Y,NA,NA,NA,NA,NA,NA,,NA,NA,NA,EMOBON_OOB_So_104
EMO BON OOB So 230620 meio (4),EMOBON mimarks-specimen sediment sample from station OOB collected on 2023-06-20 community collected meio,33208,Metazoa ,mimarks-specimen,sediment [ENVO:00002007],2023-06-20 00:00:00,OOB_So_230620,Bruno Hesse,NA,no_tide,meio,,4,NA,NA,27,PVC sediment corer,SoSOP 2,PVC cores of 7.5 cm in diameter,2023-06-20 00:00:00,"room 301, freezer LECOB",-20,Jadwiga Orignac,0000-0002-2238-3247,Lyvia Lescure,NA,Y,NA,NA,NA,NA,NA,NA,,NA,NA,NA,EMOBON_OOB_So_105
EMO BON OOB So 230901 micro (1),EMOBON metagenome sediment sample from station OOB collected on 2023-09-01 community collected micro,412755,marine sediment metagenome,metagenome,sediment [ENVO:00002007],2023-09-01 00:00:00,OOB_So_230901,Bruno Hesse,NA,no_tide,micro,,1,NA,NA,27,PVC sediment corer,SoSOP 2,PVC cores of 7.5 cm in diameter,2023-09-01 00:00:00,"room 213, freezer LECOB",-80,Pierre E. Galand,0000-0002-2238-3247,Lyvia Lescure,NA,,10,2023-09-18 00:00:00,2023-10-05 00:00:00,-70,,,,NA,NA,NA,EMOBON_OOB_So_106
EMO BON OOB So 230901 micro (2),EMOBON metagenome sediment sample from station OOB collected on 2023-09-01 community collected micro,412755,marine sediment metagenome,metagenome,sediment [ENVO:00002007],2023-09-01 00:00:00,OOB_So_230901,Bruno Hesse,NA,no_tide,micro,,2,NA,NA,27,PVC sediment corer,SoSOP 2,PVC cores of 7.5 cm in diameter,2023-09-01 00:00:00,"room 213, freezer LECOB",-80,Pierre E. Galand,0000-0002-2238-3247,Lyvia Lescure,NA,,10,2023-09-18 00:00:00,2023-10-05 00:00:00,-70,,,,NA,NA,NA,EMOBON_OOB_So_107
EMO BON OOB So 230901 micro (3),EMOBON metagenome sediment sample from station OOB collected on 2023-09-01 community collected micro,412755,marine sediment metagenome,metagenome,sediment [ENVO:00002007],2023-09-01 00:00:00,OOB_So_230901,Bruno Hesse,NA,no_tide,micro,,3,NA,NA,27,PVC sediment corer,SoSOP 2,PVC cores of 7.5 cm in diameter,2023-09-01 00:00:00,"room 213, freezer LECOB",-80,Pierre E. Galand,0000-0002-2238-3247,Lyvia Lescure,NA,,10,NA,NA,NA,NA,NA,,NA,NA,NA,EMOBON_OOB_So_108
EMO BON OOB So 230901 micro (4),EMOBON metagenome sediment sample from station OOB collected on 2023-09-01 community collected micro,412755,marine sediment metagenome,metagenome,sediment [ENVO:00002007],2023-09-01 00:00:00,OOB_So_230901,Bruno Hesse,NA,no_tide,micro,,4,NA,NA,27,PVC sediment corer,SoSOP 2,PVC cores of 7.5 cm in diameter,2023-09-01 00:00:00,"room 213, freezer LECOB",-80,Pierre E. Galand,0000-0002-2238-3247,Lyvia Lescure,NA,,10,NA,NA,NA,NA,NA,,NA,NA,NA,EMOBON_OOB_So_109
EMO BON OOB So 230901 micro (blank),EMOBON metagenome sediment sample from station OOB collected on 2023-09-01 community collected micro,256318,metagenome,metagenome,sediment [ENVO:00002007],2023-09-01 00:00:00,OOB_So_230901,Bruno Hesse,NA,no_tide,micro,,blank_1,NA,NA,27,PVC sediment corer,SoSOP 2,PVC cores of 7.5 cm in diameter,2023-09-01 00:00:00,"room 213, freezer LECOB",-80,Pierre E. Galand,0000-0002-2238-3247,Lyvia Lescure,NA,,10,NA,NA,NA,NA,NA,,NA,NA,NA,EMOBON_OOB_So_110
EMO BON OOB So 231017 meio (1),EMOBON mimarks-specimen sediment sample from station OOB collected on 2023-10-17 community collected meio,,Metazoa ,mimarks-specimen,sediment [ENVO:00002007],2023-10-17 00:00:00,OOB_So_231017,Bruno Hesse,NA,no_tide,meio,,1,NA,NA,27,PVC sediment corer,SoSOP 2,PVC cores of 7.5 cm in diameter,2023-10-17 00:00:00,"room 301, freezer LECOB",-20,Jadwiga Orignac,0000-0002-2238-3247,Lyvia Lescure,NA,,263.7,2025-01-20 00:00:00,2025-01-23 00:00:00,-20,,,batch_6,,,,EMOBON_OOB_So_111
EMO BON OOB So 231017 meio (2),EMOBON mimarks-specimen sediment sample from station OOB collected on 2023-10-17 community collected meio,,Metazoa ,mimarks-specimen,sediment [ENVO:00002007],2023-10-17 00:00:00,OOB_So_231017,Bruno Hesse,NA,no_tide,meio,,2,NA,NA,27,PVC sediment corer,SoSOP 2,PVC cores of 7.5 cm in diameter,2023-10-17 00:00:00,"room 301, freezer LECOB",-20,Jadwiga Orignac,0000-0002-2238-3247,Lyvia Lescure,NA,,287.2,2025-01-20 00:00:00,2025-01-23 00:00:00,-20,,,batch_6,,,,EMOBON_OOB_So_112
EMO BON OOB So 231017 meio (3),EMOBON mimarks-specimen sediment sample from station OOB collected on 2023-10-17 community collected meio,,Metazoa ,mimarks-specimen,sediment [ENVO:00002007],2023-10-17 00:00:00,OOB_So_231017,Bruno Hesse,NA,no_tide,meio,,3,NA,NA,27,PVC sediment corer,SoSOP 2,PVC cores of 7.5 cm in diameter,2023-10-17 00:00:00,"room 301, freezer LECOB",-20,Jadwiga Orignac,0000-0002-2238-3247,Lyvia Lescure,NA,,NA,NA,NA,NA,NA,NA,NA,NA,NA,NA,EMOBON_OOB_So_113
EMO BON OOB So 231017 meio (4),EMOBON mimarks-specimen sediment sample from station OOB collected on 2023-10-17 community collected meio,,Metazoa ,mimarks-specimen,sediment [ENVO:00002007],2023-10-17 00:00:00,OOB_So_231017,Bruno Hesse,NA,no_tide,meio,,4,NA,NA,27,PVC sediment corer,SoSOP 2,PVC cores of 7.5 cm in diameter,2023-10-17 00:00:00,"room 301, freezer LECOB",-20,Jadwiga Orignac,0000-0002-2238-3247,Lyvia Lescure,NA,,NA,NA,NA,NA,NA,NA,NA,NA,NA,NA,EMOBON_OOB_So_114
EMO BON OOB So 231017 micro (1),EMOBON metagenome sediment sample from station OOB collected on 2023-10-17 community collected micro,,marine sediment metagenome,metagenome,sediment [ENVO:00002007],2023-10-17 00:00:00,OOB_So_231017,Bruno Hesse,NA,no_tide,micro,,1,NA,NA,27,PVC sediment corer,SoSOP 2,PVC cores of 7.5 cm in diameter,2023-10-17 00:00:00,"room 213, freezer LECOB",-80,Pierre E. Galand,0000-0002-2238-3247,Lyvia Lescure,NA,,10,2025-01-20 00:00:00,2025-01-23 00:00:00,-20,,,batch_6,,,,EMOBON_OOB_So_115
EMO BON OOB So 231017 micro (2),EMOBON metagenome sediment sample from station OOB collected on 2023-10-17 community collected micro,,marine sediment metagenome,metagenome,sediment [ENVO:00002007],2023-10-17 00:00:00,OOB_So_231017,Bruno Hesse,NA,no_tide,micro,,2,NA,NA,27,PVC sediment corer,SoSOP 2,PVC cores of 7.5 cm in diameter,2023-10-17 00:00:00,"room 213, freezer LECOB",-80,Pierre E. Galand,0000-0002-2238-3247,Lyvia Lescure,NA,,10,2025-01-20 00:00:00,2025-01-23 00:00:00,-20,,,batch_6,,,,EMOBON_OOB_So_116
EMO BON OOB So 231017 micro (3),EMOBON metagenome sediment sample from station OOB collected on 2023-10-17 community collected micro,,marine sediment metagenome,metagenome,sediment [ENVO:00002007],2023-10-17 00:00:00,OOB_So_231017,Bruno Hesse,NA,no_tide,micro,,3,NA,NA,27,PVC sediment corer,SoSOP 2,PVC cores of 7.5 cm in diameter,2023-10-17 00:00:00,"room 213, freezer LECOB",-80,Pierre E. Galand,0000-0002-2238-3247,Lyvia Lescure,NA,,10,NA,NA,NA,NA,NA,NA,NA,NA,NA,EMOBON_OOB_So_117
EMO BON OOB So 231017 micro (4),EMOBON metagenome sediment sample from station OOB collected on 2023-10-17 community collected micro,,marine sediment metagenome,metagenome,sediment [ENVO:00002007],2023-10-17 00:00:00,OOB_So_231017,Bruno Hesse,NA,no_tide,micro,,4,NA,NA,27,PVC sediment corer,SoSOP 2,PVC cores of 7.5 cm in diameter,2023-10-17 00:00:00,"room 213, freezer LECOB",-80,Pierre E. Galand,0000-0002-2238-3247,Lyvia Lescure,NA,,10,NA,NA,NA,NA,NA,NA,NA,NA,NA,EMOBON_OOB_So_118
EMO BON OOB So 231017 micro (blank),EMOBON metagenome sediment sample from station OOB collected on 2023-10-17 community collected micro,,metagenome,metagenome,sediment [ENVO:00002007],2023-10-17 00:00:00,OOB_So_231017,Bruno Hesse,NA,no_tide,micro,,blank_1,NA,NA,27,PVC sediment corer,SoSOP 2,PVC cores of 7.5 cm in diameter,2023-10-17 00:00:00,"room 213, freezer LECOB",-80,Pierre E. Galand,0000-0002-2238-3247,Lyvia Lescure,NA,,10,NA,NA,NA,NA,NA,NA,NA,NA,NA,EMOBON_OOB_So_119
EMO BON OOB So 231024 macro (1),EMOBON mimarks-specimen sediment sample from station OOB collected on 2023-10-24 community collected macro,,Metazoa ,mimarks-specimen,sediment [ENVO:00002007],2023-10-24 00:00:00,OOB_So_231024,Bruno Hesse,NA,no_tide,macro,,1,NA,NA,27,van veen,,,2023-10-24 00:00:00,,,Céline Labrune,0000-0002-2238-3247,Lyvia Lescure,NA,,16,2025-01-20 00:00:00,2025-01-23 00:00:00,-20,,,batch_6,,,,EMOBON_OOB_So_120
EMO BON OOB So 231024 macro (2),EMOBON mimarks-specimen sediment sample from station OOB collected on 2023-10-24 community collected macro,,Metazoa ,mimarks-specimen,sediment [ENVO:00002007],2023-10-24 00:00:00,OOB_So_231024,Bruno Hesse,NA,no_tide,macro,,2,NA,NA,27,van veen,,,2023-10-24 00:00:00,,,Céline Labrune,0000-0002-2238-3247,Lyvia Lescure,NA,,15.7,2025-01-20 00:00:00,2025-01-23 00:00:00,-20,,,batch_6,,,,EMOBON_OOB_So_121
EMO BON OOB So 231024 macro (3),EMOBON mimarks-specimen sediment sample from station OOB collected on 2023-10-24 community collected macro,,Metazoa ,mimarks-specimen,sediment [ENVO:00002007],2023-10-24 00:00:00,OOB_So_231024,Bruno Hesse,NA,no_tide,macro,,3,NA,NA,27,van veen,,,2023-10-24 00:00:00,,,Céline Labrune,0000-0002-2238-3247,Lyvia Lescure,NA,,,NA,NA,NA,NA,NA,NA,NA,NA,NA,EMOBON_OOB_So_122
EMO BON OOB So 231024 macro (4),EMOBON mimarks-specimen sediment sample from station OOB collected on 2023-10-24 community collected macro,,Metazoa ,mimarks-specimen,sediment [ENVO:00002007],2023-10-24 00:00:00,OOB_So_231024,Bruno Hesse,NA,no_tide,macro,,4,NA,NA,27,van veen,,,2023-10-24 00:00:00,,,Céline Labrune,0000-0002-2238-3247,Lyvia Lescure,NA,,,NA,NA,NA,NA,NA,NA,NA,NA,NA,EMOBON_OOB_So_123
EMO BON OOB So 231206 micro (1),EMOBON metagenome sediment sample from station OOB collected on 2023-12-06 community collected micro,,marine sediment metagenome,metagenome,sediment [ENVO:00002007],2023-12-06 00:00:00,OOB_So_231206,Bruno Hesse,NA,no_tide,micro,,1,NA,NA,27,PVC sediment corer,SoSOP 2,PVC cores of 7.5 cm in diameter,2023-12-06 00:00:00,"room 213, freezer LECOB",-80,Pierre E. Galand,0000-0002-2238-3247,Lyvia Lescure,NA,,10,2025-01-20 00:00:00,2025-01-23 00:00:00,-20,,,batch_6,,,,EMOBON_OOB_So_124
EMO BON OOB So 231206 micro (2),EMOBON metagenome sediment sample from station OOB collected on 2023-12-06 community collected micro,,marine sediment metagenome,metagenome,sediment [ENVO:00002007],2023-12-06 00:00:00,OOB_So_231206,Bruno Hesse,NA,no_tide,micro,,2,NA,NA,27,PVC sediment corer,SoSOP 2,PVC cores of 7.5 cm in diameter,2023-12-06 00:00:00,"room 213, freezer LECOB",-80,Pierre E. Galand,0000-0002-2238-3247,Lyvia Lescure,NA,,10,2025-01-20 00:00:00,2025-01-23 00:00:00,-20,,,batch_6,,,,EMOBON_OOB_So_125
EMO BON OOB So 231206 micro (3),EMOBON metagenome sediment sample from station OOB collected on 2023-12-06 community collected micro,,marine sediment metagenome,metagenome,sediment [ENVO:00002007],2023-12-06 00:00:00,OOB_So_231206,Bruno Hesse,NA,no_tide,micro,,3,NA,NA,27,PVC sediment corer,SoSOP 2,PVC cores of 7.5 cm in diameter,2023-12-06 00:00:00,"room 213, freezer LECOB",-80,Pierre E. Galand,0000-0002-2238-3247,Lyvia Lescure,NA,,10,NA,NA,NA,NA,NA,NA,NA,NA,NA,EMOBON_OOB_So_126
EMO BON OOB So 231206 micro (4),EMOBON metagenome sediment sample from station OOB collected on 2023-12-06 community collected micro,,marine sediment metagenome,metagenome,sediment [ENVO:00002007],2023-12-06 00:00:00,OOB_So_231206,Bruno Hesse,NA,no_tide,micro,,4,NA,NA,27,PVC sediment corer,SoSOP 2,PVC cores of 7.5 cm in diameter,2023-12-06 00:00:00,"room 213, freezer LECOB",-80,Pierre E. Galand,0000-0002-2238-3247,Lyvia Lescure,NA,,10,NA,NA,NA,NA,NA,NA,NA,NA,NA,EMOBON_OOB_So_127
EMO BON OOB So 231206 micro (blank),EMOBON metagenome sediment sample from station OOB collected on 2023-12-06 community collected micro,,metagenome,metagenome,sediment [ENVO:00002007],2023-12-06 00:00:00,OOB_So_231206,Bruno Hesse,NA,no_tide,micro,,blank_1,NA,NA,27,PVC sediment corer,SoSOP 2,PVC cores of 7.5 cm in diameter,2023-12-06 00:00:00,"room 213, freezer LECOB",-80,Pierre E. Galand,0000-0002-2238-3247,Lyvia Lescure,NA,,10,NA,NA,NA,NA,NA,NA,NA,NA,NA,EMOBON_OOB_So_128
EMO BON OOB So 240226 micro (1),EMOBON metagenome sediment sample from station OOB collected on 2024-02-26 community collected micro,,marine sediment metagenome,metagenome,sediment [ENVO:00002007],2024-02-26 00:00:00,OOB_So_240226,Bruno Hesse,NA,no_tide,micro,,1,NA,NA,27,PVC sediment corer,SoSOP 2,PVC cores of 7.5 cm in diameter,2024-02-26 00:00:00,"room 213, freezer LECOB",-80,Pierre E. Galand,0000-0002-2238-3247,Lyvia Lescure,NA,,10,2025-01-20 00:00:00,2025-01-23 00:00:00,-20,,,batch_6,,,,EMOBON_OOB_So_129
EMO BON OOB So 240226 micro (2),EMOBON metagenome sediment sample from station OOB collected on 2024-02-26 community collected micro,,marine sediment metagenome,metagenome,sediment [ENVO:00002007],2024-02-26 00:00:00,OOB_So_240226,Bruno Hesse,NA,no_tide,micro,,2,NA,NA,27,PVC sediment corer,SoSOP 2,PVC cores of 7.5 cm in diameter,2024-02-26 00:00:00,"room 213, freezer LECOB",-80,Pierre E. Galand,0000-0002-2238-3247,Lyvia Lescure,NA,,10,2025-01-20 00:00:00,2025-01-23 00:00:00,-20,,,batch_6,,,,EMOBON_OOB_So_130
EMO BON OOB So 240226 micro (3),EMOBON metagenome sediment sample from station OOB collected on 2024-02-26 community collected micro,,marine sediment metagenome,metagenome,sediment [ENVO:00002007],2024-02-26 00:00:00,OOB_So_240226,Bruno Hesse,NA,no_tide,micro,,3,NA,NA,27,PVC sediment corer,SoSOP 2,PVC cores of 7.5 cm in diameter,2024-02-26 00:00:00,"room 213, freezer LECOB",-80,Pierre E. Galand,0000-0002-2238-3247,Lyvia Lescure,NA,,10,NA,NA,NA,NA,NA,NA,NA,NA,NA,EMOBON_OOB_So_131
EMO BON OOB So 240226 micro (4),EMOBON metagenome sediment sample from station OOB collected on 2024-02-26 community collected micro,,marine sediment metagenome,metagenome,sediment [ENVO:00002007],2024-02-26 00:00:00,OOB_So_240226,Bruno Hesse,NA,no_tide,micro,,4,NA,NA,27,PVC sediment corer,SoSOP 2,PVC cores of 7.5 cm in diameter,2024-02-26 00:00:00,"room 213, freezer LECOB",-80,Pierre E. Galand,0000-0002-2238-3247,Lyvia Lescure,NA,,10,NA,NA,NA,NA,NA,NA,NA,NA,NA,EMOBON_OOB_So_132
EMO BON OOB So 240226 micro (blank),EMOBON metagenome sediment sample from station OOB collected on 2024-02-26 community collected micro,,metagenome,metagenome,sediment [ENVO:00002007],2024-02-26 00:00:00,OOB_So_240226,Bruno Hesse,NA,no_tide,micro,,blank_1,NA,NA,27,PVC sediment corer,SoSOP 2,PVC cores of 7.5 cm in diameter,2024-02-26 00:00:00,"room 213, freezer LECOB",-80,Pierre E. Galand,0000-0002-2238-3247,Lyvia Lescure,NA,,10,NA,NA,NA,NA,NA,NA,NA,NA,NA,EMOBON_OOB_So_133
EMO BON OOB So 240430 macro (1),EMOBON mimarks-specimen sediment sample from station OOB collected on 2024-04-30 community collected macro,,Metazoa ,mimarks-specimen,sediment [ENVO:00002007],2024-04-30 00:00:00,OOB_So_240430,Bruno Hesse,NA,no_tide,macro,,1,NA,NA,27,van veen,,,2024-04-30 00:00:00,,,Céline Labrune,0000-0002-2238-3247,Lyvia Lescure,NA,,17.1,2025-01-20 00:00:00,2025-01-23 00:00:00,-20,,,batch_6,,,,EMOBON_OOB_So_134
EMO BON OOB So 240430 macro (2),EMOBON mimarks-specimen sediment sample from station OOB collected on 2024-04-30 community collected macro,,Metazoa ,mimarks-specimen,sediment [ENVO:00002007],2024-04-30 00:00:00,OOB_So_240430,Bruno Hesse,NA,no_tide,macro,,2,NA,NA,27,van veen,,,2024-04-30 00:00:00,,,Céline Labrune,0000-0002-2238-3247,Lyvia Lescure,NA,,17,2025-01-20 00:00:00,2025-01-23 00:00:00,-20,,,batch_6,,,,EMOBON_OOB_So_135
EMO BON OOB So 240430 macro (3),EMOBON mimarks-specimen sediment sample from station OOB collected on 2024-04-30 community collected macro,,Metazoa ,mimarks-specimen,sediment [ENVO:00002007],2024-04-30 00:00:00,OOB_So_240430,Bruno Hesse,NA,no_tide,macro,,3,NA,NA,27,van veen,,,2024-04-30 00:00:00,,,Céline Labrune,0000-0002-2238-3247,Lyvia Lescure,NA,,,NA,NA,NA,NA,NA,NA,NA,NA,NA,EMOBON_OOB_So_136
EMO BON OOB So 240430 macro (4),EMOBON mimarks-specimen sediment sample from station OOB collected on 2024-04-30 community collected macro,,Metazoa ,mimarks-specimen,sediment [ENVO:00002007],2024-04-30 00:00:00,OOB_So_240430,Bruno Hesse,NA,no_tide,macro,,4,NA,NA,27,van veen,,,2024-04-30 00:00:00,,,Céline Labrune,0000-0002-2238-3247,Lyvia Lescure,NA,,,NA,NA,NA,NA,NA,NA,NA,NA,NA,EMOBON_OOB_So_137
EMO BON OOB So 240430 micro (1),EMOBON metagenome sediment sample from station OOB collected on 2024-04-30 community collected micro,,marine sediment metagenome,metagenome,sediment [ENVO:00002007],2024-04-30 00:00:00,OOB_So_240430,Bruno Hesse,NA,no_tide,micro,,1,NA,NA,27,PVC sediment corer,SoSOP 2,PVC cores of 7.5 cm in diameter,2024-04-30 00:00:00,"room 213, freezer LECOB",-80,Pierre E. Galand,0000-0002-2238-3247,Lyvia Lescure,NA,,10,2025-01-20 00:00:00,2025-01-23 00:00:00,-20,,,batch_6,,,,EMOBON_OOB_So_138
EMO BON OOB So 240430 micro (2),EMOBON metagenome sediment sample from station OOB collected on 2024-04-30 community collected micro,,marine sediment metagenome,metagenome,sediment [ENVO:00002007],2024-04-30 00:00:00,OOB_So_240430,Bruno Hesse,NA,no_tide,micro,,2,NA,NA,27,PVC sediment corer,SoSOP 2,PVC cores of 7.5 cm in diameter,2024-04-30 00:00:00,"room 213, freezer LECOB",-80,Pierre E. Galand,0000-0002-2238-3247,Lyvia Lescure,NA,,10,2025-01-20 00:00:00,2025-01-23 00:00:00,-20,,,batch_6,,,,EMOBON_OOB_So_139
EMO BON OOB So 240430 micro (3),EMOBON metagenome sediment sample from station OOB collected on 2024-04-30 community collected micro,,marine sediment metagenome,metagenome,sediment [ENVO:00002007],2024-04-30 00:00:00,OOB_So_240430,Bruno Hesse,NA,no_tide,micro,,3,NA,NA,27,PVC sediment corer,SoSOP 2,PVC cores of 7.5 cm in diameter,2024-04-30 00:00:00,"room 213, freezer LECOB",-80,Pierre E. Galand,0000-0002-2238-3247,Lyvia Lescure,NA,,10,NA,NA,NA,NA,NA,NA,NA,NA,NA,EMOBON_OOB_So_140
EMO BON OOB So 240430 micro (4),EMOBON metagenome sediment sample from station OOB collected on 2024-04-30 community collected micro,,marine sediment metagenome,metagenome,sediment [ENVO:00002007],2024-04-30 00:00:00,OOB_So_240430,Bruno Hesse,NA,no_tide,micro,,4,NA,NA,27,PVC sediment corer,SoSOP 2,PVC cores of 7.5 cm in diameter,2024-04-30 00:00:00,"room 213, freezer LECOB",-80,Pierre E. Galand,0000-0002-2238-3247,Lyvia Lescure,NA,,10,NA,NA,NA,NA,NA,NA,NA,NA,NA,EMOBON_OOB_So_141
EMO BON OOB So 240430 micro (blank),EMOBON metagenome sediment sample from station OOB collected on 2024-04-30 community collected micro,,metagenome,metagenome,sediment [ENVO:00002007],2024-04-30 00:00:00,OOB_So_240430,Bruno Hesse,NA,no_tide,micro,,blank_1,NA,NA,27,PVC sediment corer,SoSOP 2,PVC cores of 7.5 cm in diameter,2024-04-30 00:00:00,"room 213, freezer LECOB",-80,Pierre E. Galand,0000-0002-2238-3247,Lyvia Lescure,NA,,10,NA,NA,NA,NA,NA,NA,NA,NA,NA,EMOBON_OOB_So_142
EMO BON OOB So 240430 meio (1),EMOBON mimarks-specimen sediment sample from station OOB collected on 2024-04-30 community collected meio,,Metazoa ,mimarks-specimen,sediment [ENVO:00002007],2024-04-30 00:00:00,OOB_So_240430,Bruno Hesse,NA,no_tide,meio,,1,NA,NA,27,PVC sediment corer,SoSOP 2,PVC cores of 7.5 cm in diameter,2024-04-30 00:00:00,"room 301, freezer LECOB",-20,Jadwiga Orignac,0000-0002-2238-3247,Lyvia Lescure,NA,,242.5,2025-01-20 00:00:00,2025-01-23 00:00:00,-20,,,batch_6,,,,EMOBON_OOB_So_143
EMO BON OOB So 240430 meio (2),EMOBON mimarks-specimen sediment sample from station OOB collected on 2024-04-30 community collected meio,,Metazoa ,mimarks-specimen,sediment [ENVO:00002007],2024-04-30 00:00:00,OOB_So_240430,Bruno Hesse,NA,no_tide,meio,,2,NA,NA,27,PVC sediment corer,SoSOP 2,PVC cores of 7.5 cm in diameter,2024-04-30 00:00:00,"room 301, freezer LECOB",-20,Jadwiga Orignac,0000-0002-2238-3247,Lyvia Lescure,NA,,303,2025-01-20 00:00:00,2025-01-23 00:00:00,-20,,,batch_6,,,,EMOBON_OOB_So_144
EMO BON OOB So 240430 meio (3),EMOBON mimarks-specimen sediment sample from station OOB collected on 2024-04-30 community collected meio,,Metazoa ,mimarks-specimen,sediment [ENVO:00002007],2024-04-30 00:00:00,OOB_So_240430,Bruno Hesse,NA,no_tide,meio,,3,NA,NA,27,PVC sediment corer,SoSOP 2,PVC cores of 7.5 cm in diameter,2024-04-30 00:00:00,"room 301, freezer LECOB",-20,Jadwiga Orignac,0000-0002-2238-3247,Lyvia Lescure,NA,,NA,NA,NA,NA,NA,NA,NA,NA,NA,NA,EMOBON_OOB_So_145
EMO BON OOB So 240430 meio (4),EMOBON mimarks-specimen sediment sample from station OOB collected on 2024-04-30 community collected meio,,Metazoa ,mimarks-specimen,sediment [ENVO:00002007],2024-04-30 00:00:00,OOB_So_240430,Bruno Hesse,NA,no_tide,meio,,4,NA,NA,27,PVC sediment corer,SoSOP 2,PVC cores of 7.5 cm in diameter,2024-04-30 00:00:00,"room 301, freezer LECOB",-20,Jadwiga Orignac,0000-0002-2238-3247,Lyvia Lescure,NA,,NA,NA,NA,NA,NA,NA,NA,NA,NA,NA,EMOBON_OOB_So_146
EMO BON OOB So 240626 micro (1),EMOBON metagenome sediment sample from station OOB collected on 2024-06-26 community collected micro,,marine sediment metagenome,metagenome,sediment [ENVO:00002007],2024-06-26 00:00:00,OOB_So_240626,Bruno Hesse,NA,no_tide,micro,,1,NA,NA,27,PVC sediment corer,SoSOP 2,PVC cores of 7.5 cm in diameter,2024-06-26 00:00:00,"room 213, freezer LECOB",-80,Pierre E. Galand,0000-0002-2238-3247,Lyvia Lescure,NA,,10,2025-01-20 00:00:00,2025-01-23 00:00:00,-20,,,batch_6,,,,EMOBON_OOB_So_147
EMO BON OOB So 240626 micro (2),EMOBON metagenome sediment sample from station OOB collected on 2024-06-26 community collected micro,,marine sediment metagenome,metagenome,sediment [ENVO:00002007],2024-06-26 00:00:00,OOB_So_240626,Bruno Hesse,NA,no_tide,micro,,2,NA,NA,27,PVC sediment corer,SoSOP 2,PVC cores of 7.5 cm in diameter,2024-06-26 00:00:00,"room 213, freezer LECOB",-80,Pierre E. Galand,0000-0002-2238-3247,Lyvia Lescure,NA,,10,2025-01-20 00:00:00,2025-01-23 00:00:00,-20,,,batch_6,,,,EMOBON_OOB_So_148
EMO BON OOB So 240626 micro (3),EMOBON metagenome sediment sample from station OOB collected on 2024-06-26 community collected micro,,marine sediment metagenome,metagenome,sediment [ENVO:00002007],2024-06-26 00:00:00,OOB_So_240626,Bruno Hesse,NA,no_tide,micro,,3,NA,NA,27,PVC sediment corer,SoSOP 2,PVC cores of 7.5 cm in diameter,2024-06-26 00:00:00,"room 213, freezer LECOB",-80,Pierre E. Galand,0000-0002-2238-3247,Lyvia Lescure,NA,,10,NA,NA,NA,NA,NA,NA,NA,NA,NA,EMOBON_OOB_So_149
EMO BON OOB So 240626 micro (4),EMOBON metagenome sediment sample from station OOB collected on 2024-06-26 community collected micro,,marine sediment metagenome,metagenome,sediment [ENVO:00002007],2024-06-26 00:00:00,OOB_So_240626,Bruno Hesse,NA,no_tide,micro,,4,NA,NA,27,PVC sediment corer,SoSOP 2,PVC cores of 7.5 cm in diameter,2024-06-26 00:00:00,"room 213, freezer LECOB",-80,Pierre E. Galand,0000-0002-2238-3247,Lyvia Lescure,NA,,10,NA,NA,NA,NA,NA,NA,NA,NA,NA,EMOBON_OOB_So_150
EMO BON OOB So 240626 micro (blank),EMOBON metagenome sediment sample from station OOB collected on 2024-06-26 community collected micro,,metagenome,metagenome,sediment [ENVO:00002007],2024-06-26 00:00:00,OOB_So_240626,Bruno Hesse,NA,no_tide,micro,,blank_1,NA,NA,27,PVC sediment corer,SoSOP 2,PVC cores of 7.5 cm in diameter,2024-06-26 00:00:00,"room 213, freezer LECOB",-80,Pierre E. Galand,0000-0002-2238-3247,Lyvia Lescure,NA,,10,NA,NA,NA,NA,NA,NA,NA,NA,NA,EMOBON_OOB_So_151
EMO BON OOB So 240626 meio (1),EMOBON mimarks-specimen sediment sample from station OOB collected on 2024-06-26 community collected meio,,Metazoa ,mimarks-specimen,sediment [ENVO:00002007],2024-06-26 00:00:00,OOB_So_240626,Bruno Hesse,NA,no_tide,meio,,1,NA,NA,27,PVC sediment corer,SoSOP 2,PVC cores of 7.5 cm in diameter,2024-06-26 00:00:00,"room 301, freezer LECOB",-20,Jadwiga Orignac,0000-0002-2238-3247,Lyvia Lescure,NA,,212.6,2025-01-20 00:00:00,2025-01-23 00:00:00,-20,,,batch_6,,,,EMOBON_OOB_So_152
EMO BON OOB So 240626 meio (2),EMOBON mimarks-specimen sediment sample from station OOB collected on 2024-06-26 community collected meio,,Metazoa ,mimarks-specimen,sediment [ENVO:00002007],2024-06-26 00:00:00,OOB_So_240626,Bruno Hesse,NA,no_tide,meio,,2,NA,NA,27,PVC sediment corer,SoSOP 2,PVC cores of 7.5 cm in diameter,2024-06-26 00:00:00,"room 301, freezer LECOB",-20,Jadwiga Orignac,0000-0002-2238-3247,Lyvia Lescure,NA,,217.9,2025-01-20 00:00:00,2025-01-23 00:00:00,-20,,,batch_6,,,,EMOBON_OOB_So_153
EMO BON OOB So 240626 meio (3),EMOBON mimarks-specimen sediment sample from station OOB collected on 2024-06-26 community collected meio,,Metazoa ,mimarks-specimen,sediment [ENVO:00002007],2024-06-26 00:00:00,OOB_So_240626,Bruno Hesse,NA,no_tide,meio,,3,NA,NA,27,PVC sediment corer,SoSOP 2,PVC cores of 7.5 cm in diameter,2024-06-26 00:00:00,"room 301, freezer LECOB",-20,Jadwiga Orignac,0000-0002-2238-3247,Lyvia Lescure,NA,,NA,NA,NA,NA,NA,NA,NA,NA,NA,NA,EMOBON_OOB_So_154
EMO BON OOB So 240626 meio (4),EMOBON mimarks-specimen sediment sample from station OOB collected on 2024-06-26 community collected meio,,Metazoa ,mimarks-specimen,sediment [ENVO:00002007],2024-06-26 00:00:00,OOB_So_240626,Bruno Hesse,NA,no_tide,meio,,4,NA,NA,27,PVC sediment corer,SoSOP 2,PVC cores of 7.5 cm in diameter,2024-06-26 00:00:00,"room 301, freezer LECOB",-20,Jadwiga Orignac,0000-0002-2238-3247,Lyvia Lescure,NA,,NA,NA,NA,NA,NA,NA,NA,NA,NA,NA,EMOBON_OOB_So_155
EMO BON OOB So 240820 micro (1),EMOBON metagenome sediment sample from station OOB collected on 2024-08-20 community collected micro,,marine sediment metagenome,metagenome,sediment [ENVO:00002007],2024-08-20 00:00:00,OOB_So_240820,Bruno Hesse,NA,no_tide,micro,,1,NA,NA,27,PVC sediment corer,SoSOP 2,PVC cores of 7.5 cm in diameter,2024-08-20 00:00:00,"room 213, freezer LECOB",-80,Pierre E. Galand,0000-0002-2238-3247,Lyvia Lescure,NA,,10,2025-01-20 00:00:00,2025-01-23 00:00:00,-20,,,batch_6,,,,EMOBON_OOB_So_156
EMO BON OOB So 240820 micro (2),EMOBON metagenome sediment sample from station OOB collected on 2024-08-20 community collected micro,,marine sediment metagenome,metagenome,sediment [ENVO:00002007],2024-08-20 00:00:00,OOB_So_240820,Bruno Hesse,NA,no_tide,micro,,2,NA,NA,27,PVC sediment corer,SoSOP 2,PVC cores of 7.5 cm in diameter,2024-08-20 00:00:00,"room 213, freezer LECOB",-80,Pierre E. Galand,0000-0002-2238-3247,Lyvia Lescure,NA,,10,2025-01-20 00:00:00,2025-01-23 00:00:00,-20,,,batch_6,,,,EMOBON_OOB_So_157
EMO BON OOB So 240820 micro (3),EMOBON metagenome sediment sample from station OOB collected on 2024-08-20 community collected micro,,marine sediment metagenome,metagenome,sediment [ENVO:00002007],2024-08-20 00:00:00,OOB_So_240820,Bruno Hesse,NA,no_tide,micro,,3,NA,NA,27,PVC sediment corer,SoSOP 2,PVC cores of 7.5 cm in diameter,2024-08-20 00:00:00,"room 213, freezer LECOB",-80,Pierre E. Galand,0000-0002-2238-3247,Lyvia Lescure,NA,,10,NA,NA,NA,NA,NA,NA,NA,NA,NA,EMOBON_OOB_So_158
EMO BON OOB So 240820 micro (4),EMOBON metagenome sediment sample from station OOB collected on 2024-08-20 community collected micro,,marine sediment metagenome,metagenome,sediment [ENVO:00002007],2024-08-20 00:00:00,OOB_So_240820,Bruno Hesse,NA,no_tide,micro,,4,NA,NA,27,PVC sediment corer,SoSOP 2,PVC cores of 7.5 cm in diameter,2024-08-20 00:00:00,"room 213, freezer LECOB",-80,Pierre E. Galand,0000-0002-2238-3247,Lyvia Lescure,NA,,10,NA,NA,NA,NA,NA,NA,NA,NA,NA,EMOBON_OOB_So_159
EMO BON OOB So 240820 micro (blank),EMOBON metagenome sediment sample from station OOB collected on 2024-08-20 community collected micro,,metagenome,metagenome,sediment [ENVO:00002007],2024-08-20 00:00:00,OOB_So_240820,Bruno Hesse,NA,no_tide,micro,,blank_1,NA,NA,27,PVC sediment corer,SoSOP 2,PVC cores of 7.5 cm in diameter,2024-08-20 00:00:00,"room 213, freezer LECOB",-80,Pierre E. Galand,0000-0002-2238-3247,Lyvia Lescure,NA,,10,NA,NA,NA,NA,NA,NA,NA,NA,NA,EMOBON_OOB_So_160
EMO BON OOB So 241015 meio (1),,,Metazoa ,mimarks-specimen,sediment [ENVO:00002007],2024-10-15 00:00:00,OOB_So_241015,Bruno Hesse,NA,no_tide,meio,,1,NA,NA,27,PVC sediment corer,SoSOP 2,PVC cores of 7.5 cm in diameter,2024-10-15 00:00:00,"room 301, freezer LECOB",-20,Jadwiga Orignac,0000-0002-2238-3247,Lyvia Lescure,NA,,265.5,2025-01-20 00:00:00,2025-01-23 00:00:00,-20,,,batch_6,,,,EMOBON_OOB_So_161
EMO BON OOB So 241015 meio (2),,,Metazoa ,mimarks-specimen,sediment [ENVO:00002007],2024-10-15 00:00:00,OOB_So_241015,Bruno Hesse,NA,no_tide,meio,,2,NA,NA,27,PVC sediment corer,SoSOP 2,PVC cores of 7.5 cm in diameter,2024-10-15 00:00:00,"room 301, freezer LECOB",-20,Jadwiga Orignac,0000-0002-2238-3247,Lyvia Lescure,NA,,264.5,2025-01-20 00:00:00,2025-01-23 00:00:00,-20,,,batch_6,,,,EMOBON_OOB_So_162
EMO BON OOB So 241015 meio (3),,,Metazoa ,mimarks-specimen,sediment [ENVO:00002007],2024-10-15 00:00:00,OOB_So_241015,Bruno Hesse,NA,no_tide,meio,,3,NA,NA,27,PVC sediment corer,SoSOP 2,PVC cores of 7.5 cm in diameter,2024-10-15 00:00:00,"room 301, freezer LECOB",-20,Jadwiga Orignac,0000-0002-2238-3247,Lyvia Lescure,NA,,NA,NA,NA,NA,NA,NA,NA,NA,NA,NA,EMOBON_OOB_So_163
EMO BON OOB So 241015 meio (4),,,Metazoa ,mimarks-specimen,sediment [ENVO:00002007],2024-10-15 00:00:00,OOB_So_241015,Bruno Hesse,NA,no_tide,meio,,4,NA,NA,27,PVC sediment corer,SoSOP 2,PVC cores of 7.5 cm in diameter,2024-10-15 00:00:00,"room 301, freezer LECOB",-20,Jadwiga Orignac,0000-0002-2238-3247,Lyvia Lescure,NA,,NA,NA,NA,NA,NA,NA,NA,NA,NA,NA,EMOBON_OOB_So_164
EMO BON OOB So 241015 micro (1),,,marine sediment metagenome,metagenome,sediment [ENVO:00002007],2024-10-15 00:00:00,OOB_So_241015,Bruno Hesse,NA,no_tide,micro,,1,NA,NA,27,PVC sediment corer,SoSOP 2,PVC cores of 7.5 cm in diameter,2024-10-15 00:00:00,"room 213, freezer LECOB",-80,Pierre E. Galand,0000-0002-2238-3247,Lyvia Lescure,NA,,10,2025-01-20 00:00:00,2025-01-23 00:00:00,-20,,,batch_6,,,,EMOBON_OOB_So_165
EMO BON OOB So 241015 micro (2),,,marine sediment metagenome,metagenome,sediment [ENVO:00002007],2024-10-15 00:00:00,OOB_So_241015,Bruno Hesse,NA,no_tide,micro,,2,NA,NA,27,PVC sediment corer,SoSOP 2,PVC cores of 7.5 cm in diameter,2024-10-15 00:00:00,"room 213, freezer LECOB",-80,Pierre E. Galand,0000-0002-2238-3247,Lyvia Lescure,NA,,10,2025-01-20 00:00:00,2025-01-23 00:00:00,-20,,,batch_6,,,,EMOBON_OOB_So_166
EMO BON OOB So 241015 micro (3),,,marine sediment metagenome,metagenome,sediment [ENVO:00002007],2024-10-15 00:00:00,OOB_So_241015,Bruno Hesse,NA,no_tide,micro,,3,NA,NA,27,PVC sediment corer,SoSOP 2,PVC cores of 7.5 cm in diameter,2024-10-15 00:00:00,"room 213, freezer LECOB",-80,Pierre E. Galand,0000-0002-2238-3247,Lyvia Lescure,NA,,10,NA,NA,NA,NA,NA,NA,NA,NA,NA,EMOBON_OOB_So_167
EMO BON OOB So 241015 micro (4),,,marine sediment metagenome,metagenome,sediment [ENVO:00002007],2024-10-15 00:00:00,OOB_So_241015,Bruno Hesse,NA,no_tide,micro,,4,NA,NA,27,PVC sediment corer,SoSOP 2,PVC cores of 7.5 cm in diameter,2024-10-15 00:00:00,"room 213, freezer LECOB",-80,Pierre E. Galand,0000-0002-2238-3247,Lyvia Lescure,NA,,10,NA,NA,NA,NA,NA,NA,NA,NA,NA,EMOBON_OOB_So_168
EMO BON OOB So 241015 micro (blank),,,metagenome,metagenome,sediment [ENVO:00002007],2024-10-15 00:00:00,OOB_So_241015,Bruno Hesse,NA,no_tide,micro,,blank_1,NA,NA,27,PVC sediment corer,SoSOP 2,PVC cores of 7.5 cm in diameter,2024-10-15 00:00:00,"room 213, freezer LECOB",-80,Pierre E. Galand,0000-0002-2238-3247,Lyvia Lescure,NA,,10,NA,NA,NA,NA,NA,NA,NA,NA,NA,EMOBON_OOB_So_169
EMO BON OOB So 241015 macro (1),,,Metazoa ,mimarks-specimen,sediment [ENVO:00002007],2024-10-15 00:00:00,OOB_So_241015,Bruno Hesse,NA,no_tide,macro,,1,NA,NA,27,van veen,,,2024-10-15 00:00:00,,,Céline Labrune,0000-0002-2238-3247,Lyvia Lescure,NA,,10.8,2025-01-20 00:00:00,2025-01-23 00:00:00,-20,,,batch_6,,,,EMOBON_OOB_So_170
EMO BON OOB So 241015 macro (2),,,Metazoa ,mimarks-specimen,sediment [ENVO:00002007],2024-10-15 00:00:00,OOB_So_241015,Bruno Hesse,NA,no_tide,macro,,2,NA,NA,27,van veen,,,2024-10-15 00:00:00,,,Céline Labrune,0000-0002-2238-3247,Lyvia Lescure,NA,,10.3,2025-01-20 00:00:00,2025-01-23 00:00:00,-20,,,batch_6,,,,EMOBON_OOB_So_171
EMO BON OOB So 241015 macro (3),,,Metazoa ,mimarks-specimen,sediment [ENVO:00002007],2024-10-15 00:00:00,OOB_So_241015,Bruno Hesse,NA,no_tide,macro,,3,NA,NA,27,van veen,,,2024-10-15 00:00:00,,,Céline Labrune,0000-0002-2238-3247,Lyvia Lescure,NA,,,NA,NA,NA,NA,NA,NA,NA,NA,NA,EMOBON_OOB_So_172
EMO BON OOB So 241015 macro (4),,,Metazoa ,mimarks-specimen,sediment [ENVO:00002007],2024-10-15 00:00:00,OOB_So_241015,Bruno Hesse,NA,no_tide,macro,,4,NA,NA,27,van veen,,,2024-10-15 00:00:00,,,Céline Labrune,0000-0002-2238-3247,Lyvia Lescure,NA,,,NA,NA,NA,NA,NA,NA,NA,NA,NA,EMOBON_OOB_So_173
EMO BON OOB So 20241216 micro (1),,,,,,,,,,,,,,,,,,,,,,,,,,,,,2025-01-20 00:00:00,2025-01-23 00:00:00,-20,,,batch_6,,,,EMOBON_OOB_So_174
EMO BON OOB So 20241216 micro (2),,,,,,,,,,,,,,,,,,,,,,,,,,,,,2025-01-20 00:00:00,2025-01-23 00:00:00,-20,,,batch_6,,,,EMOBON_OOB_So_175
